CXSMILES,pIC50 (MERS-CoV Mpro),pIC50 (SARS-CoV-2 Mpro)
"O=C(CC1=CN=CC2=CC=CC=C12)N1C[C@H](F)C[C@H]1C1=CC=CC(F)=C1 |&1:15,&2:18|",4.1,5.58
"O=C(N[C@@H]1C[C@H](O)C2=CC=CC=C21)C1=CN=CC2=CC=CC=C12 |&1:3,5|",4.5,
O=C(CN1CC2=CC=C(Cl)C=C2[C@H](C(=O)NC2=CN=CC3=CC=CC=C23)C1)NC(C1=CC=CC=C1)C1=CC=CC=C1 |&1:12|,6.02,7.04
"O=C(CC1=CN=CC2=CC=CC=C12)N1[C@H]2CCC[C@H]1C1=C(C2)NN=C1 |&1:14,&2:18|",,4.82
O=C(CC1=CN=CC2=CC=CC=C12)N1CCC[C@@H](CCO)C1 |a:17|,4.27,
C[C@@H](O)CN1C[C@H](C(=O)NC2=CN=CC3=CC=CC=C23)C2=CC(Cl)=CC=C2C1=O |o1:6|,4.74,4.78
O=C1[C@@H]2CCCCN2C(=O)N1C1=CN=CC2=CC=CC=C12,4.29,4.19
O=C(CC1=CC(F)=C(F)C(F)=C1)NC1=CN=CC2=CC=CC=C12,3.58,6.33
O=C1C[C@H](CC2=CC=CC=C2)NN1C1=CN=CC2=CC=CC=C12 |&1:3|,4.31,5.16
CN1C[C@H](C(=O)NC2=CN=CC3=CC=CC=C23)C2=CC(C#N)=CC=C2C1=O |o1:3|,5.04,6.08
CC(=O)N1CCN(S(=O)(=O)OCC(=O)N2CCN(CC3=CC=CC(Cl)=C3)[C@H](CC(C)C)C2)CC1 |&1:26|,4.77,7.14
C[C@H]1CC2=C(C=CS2)CN1C(=O)CC1=CN=CC2=CC=CC=C12 |o1:1|,4.51,5.16
"CNC(=O)CN1C[C@@]2(C(=O)N(C3=CN=CC4=CC=CC=C34)C[C@H]2CC2=CC=CC=C2)C2=CC(Cl)=CC=C2C1=O |o1:7,22|",4.28,5.43
O=C(CC1=CN=CC2=CC=CC=C12)N1CCC[C@@H]1CCC1=CC=CC=N1,4.29,
CC1=CC=CC(CN(CC2=CC=CC=N2)C(=O)CC2=CN=CC3=CC=CC=C23)=C1,4.62,4.48
"C[C@H]1CN(C2=CN=CC3=CC=CC=C23)C(=O)[C@@]12CN(CC1=NN=NN1)C(=O)C1=CC=C(F)C=C12 |a:1,16|",4.56,5.67
O=C(CC1=CN=CC2=CC=CC=C12)N1CCCC2(CCC2)C1,3.56,4.56
COC1CC2(CCN(C(=O)CC3=CN=CC4=CC=CC=C34)CC2)C1,4.27,5.36
"CCC1=CC=C([C@H]2C[C@H](C)CCN2C(=O)CC2=CN=CC3=CC=CC=C23)O1 |&1:6,8|",6.01,6.27
CN(CC1=NC2=CC=CC=C2N1C)C(=O)C1=CN=CC2=CC=CC=C12,4.31,
O=C1N[C@]2(CCOC3=CC=NC=C32)C(=O)N1C1=CN=CC2=CC=CC=C12 |&1:3|,4.27,4.27
O=C1[C@H]2CCCCN2C(=O)N1C1=CN=CC2=CC=CC=C12,4.26,
O=C(CC1=CN=CC2=CC=CC=C12)N(CCC(F)(F)F)CC1=CC=CC=C1,5.02,4.78
O=C(CC1=CN=CC2=CC=CC=C12)N1CCC[C@H]1C=CC1=CC=CS1 |&1:17|,,4.88
C#CC1(C)CCN(C(=O)CC2=CN=CC3=CC=CC=C23)CC1,4.99,5.33
O=C(CC1=CN=CC2=CC=CC=C12)N1CCC2(CCO2)CC1,,4.57
O=C1C(C2=CC(Cl)=CC=C2)=CN=C(S)N1C1=CN=CC2=CC=CC=C12,5.04,6.86
"C[C@H]1CCN(C(=O)CC2=CN=CC3=CC=CC=C23)C[C@H]1F |&1:1,19|",5.34,5.51
O=C(CN1CC2=CC=C(Cl)C=C2[C@H](C(=O)NC2=CN=CC3=CC=CC=C23)C1)NC1=CC=CC=C1 |&1:12|,5.65,7.01
O=C(NCC1=CC=CC=C1N1C=CC=N1)C1=CN=CC2=CC=CC=C12,4.29,
"O=C(CC1=CN=CC2=CC=CC=C12)N1C[C@H](F)[C@H](C2=CC=CC=C2)C1 |&1:15,17|",4.05,4.76
O=C(CC1=CN=CC2=CC=CC=C12)N1CCC2=NOC=C2C1,4.5,5.49
O=C1N[C@H](CC2=CC=CC=C2)C(=O)N1C1=CN=CC2=CC=CC=C12,4.87,4.5
"O=C(CC1=CN=CC2=CC=CC=C12)N1[C@H]2C=CC[C@@H]1CCC2 |o1:14,18|",4.61,4.95
CC1=CC=CC=C1C[C@H]1CCCN1C(=O)CC1=CN=CC2=CC=CC=C12 |&1:8|,4.09,4.43
"O=C(CC1=CN=CC2=CC=CC=C12)N1C[C@H]2CCCCCC[C@H]2C1 |&1:15,&2:22|",4.53,5.87
O=C(CC1=CN=CC2=CC=CC=C12)N1CC[C@H](C2=NC=CS2)C1 |&1:16|,4.3,4.29
O=C(CC1=CN=CC2=CC=CC=C12)N(CC1=CC=CC(Cl)=C1)C12CC(C1)N(CC1COC1)C2,4.17,5.4
O=C(CC1=CN=CC2=CC=CC=C12)N1CC[C@@H](OC2=CC=C(F)C=C2)C1 |a:16|,,4.46
CC(C)NC(=O)CN1C[C@@]2(C(=O)N(C3=CN=CC4=CC=CC=C34)C[C@@H]2C)C2=CC(Cl)=CC=C2C1=O,5.44,6.53
O=C(CC1=CN=CC2=CC=CC=C12)N1CC[C@]2(CC(C(F)F)=NO2)C1 |&1:16|,,4.62
C=CC(=O)N1CCCC2=CC=C(N(CC3=CC=CC(Br)=C3)C(=O)CC3=CN=CC4=CC=CC=C34)C=C21,6.35,7.62
O=C(CC1=CN=CC2=CC=CC=C12)N1CCSC[C@H]1C1=CC=CC=C1 |&1:18|,4.63,4.94
O=C(CC1=CN=CC2=CC=CC=C12)N1CCC[C@H]1CC1=CC=C(F)C=C1F |&1:17|,4.23,4.65
CC1=CC=C(C[C@H]2CCCN(C(=O)CC3=CN=CC4=CC=CC=C34)C2)C=C1 |&1:6|,3.7,4.55
"O=C(CC1=CN=CC2=CC=CC=C12)N1CC[C@H]2CCCC[C@H]21 |&1:16,21|",3.96,4.5
CC[C@H](C)OC1CCN(C(=O)CC2=CN=CC3=CC=CC=C23)CC1 |&1:2|,,4.33
O=C(CC1=CN=CC2=CC=CC=C12)N1CCCC2=CC=CC=C21,4.74,4.68
O=C1C[C@H](CC2=CC=CC=C2Cl)CN1C1=CN=CC2=CC=CC=C12 |&1:3|,4.32,5.14
O=C(CC1=CN=CC2=CC=CC=C12)N1CCC[C@H]1CC1=CC=CC=N1 |&1:17|,4.03,4.11
COC1=CC=CC(CNC(=O)CN2C[C@@]3(C(=O)N(C4=CN=CC5=CC=CC=C45)C[C@@H]3C)C3=CC=CC=C3C2=O)=C1,5.87,6.31
NC(=O)CN(CC1=CC=CC(Cl)=C1)C(=O)CC1=CN=CC2=CC=CC=C12,4.74,5.48
O=C(CC1=CN=CC2=CC=CC=C12)N1CC[C@H](C2=CC=CC(F)=C2)C1 |&1:16|,,5.07
O=C(CC1=CN=CC2=CC=CC=C12)N1CCC([C@H]2CCO2)CC1 |&1:17|,,4.43
O=C(CC1=CN=CC2=CC=CC=C12)N1CC(F)(F)C[C@H]1C1=CC=CC=C1 |&1:19|,5.11,4.55
"C[C@H]1CCOC[C@@]12NC(=O)N(C1=CN=CC3=CC=CC=C13)C2=O |&1:1,6|",4.25,
C[C@H]1CN(C(=O)CC2=CN=CC3=CC=CC=C23)CCC12COC2 |&1:1|,4.29,4.03
CNC(=O)CN1C[C@]2(C(=O)N(C3=CN=CC4=CC=CC=C34)C[C@@H]2C)C2=CC(F)=CC=C2C1=O,4.3,5.39
O=C(CC1=CN=CC2=CC=CC=C12)N1CCSC[C@H]1C1CCC1 |&1:18|,3.97,4.61
CN1CCC[C@]12CCCN(C(=O)CC1=CN=CC3=CC=CC=C13)C2 |&1:5|,6.69,
"CCO[C@H]1C[C@H](C)N(C(=O)CC2=CN=CC3=CC=CC=C23)[C@H](C)C1 |&1:3,&2:5,&3:21|",,4.57
O=C(CC1=C(F)C(F)=CC=C1F)NC1=CN=CC2=CC=CC=C12,1,4.51
O=C1N[C@]2(C[C@@H](C3=CC=C(Cl)C=C3)C2)C(=O)N1C1=CN=CC2=CC=CC=C12,5.11,7.04
O=C(CC1=CN=CC2=CC=CC=C12)N1CC[C@]2(CCCC3=CC=CC=C32)C1 |&1:16|,,5.26
C[C@]1(C2=CC=CN=C2)CCCN(C(=O)CC2=CN=CC3=CC=CC=C23)C1 |&1:1|,4.26,
O=C(CC1=CN=CC2=CC=CC=C12)N1CCC(OC2CCC2)CC1,,4.3
COC1=CC=CC=C1CNC(=O)CN1CC2=CC=C(Cl)C=C2[C@H](C(=O)NC2=CN=CC3=CC=CC=C23)C1 |&1:22|,5.79,6.96
O=C(C1=CN=CC2=CC=CC=C12)N1CCC[C@H]1C1=CC=CC=C1,4.27,
C=CC(=O)NC1=CC=CC(N(CC2=CC(Cl)=CC=C2Cl)C(=O)CC2=CN=CC3=CC=CC=C23)=C1,5.05,4.79
O=C(NCCC1=CNC2=CC(F)=CC=C12)C1=CN=CC2=CC=CC=C12,4.05,
O=C1N[C@]2(CCOC3=CC=C(CO)C=C32)C(=O)N1C1=CN=CC2=CC=CC=C12 |&1:3|,4.52,4.87
O=C([C@H]1CCCN1C(=O)CC1=CN=CC2=CC=CC=C12)N1CCSCC1 |&1:2|,4.35,
CN1C=CC([C@H]2CCN(C(=O)CC3=CN=CC4=CC=CC=C34)C2)=N1 |&1:5|,4.26,
CC1(F)CCN(C(=O)CC2=CN=CC3=CC=CC=C23)CC1,5.4,5.31
C=CC(=O)NC1=CC=CC(N(CC2=CC=CC(C3=CNC=C3)=C2)C(=O)CC2=CN=CC3=CC=CC=C23)=C1,4.59,4.05
CO[C@H](C)CN1C[C@H](C(=O)NC2=CN=CC3=CC=CC=C23)C2=CC(Cl)=CC=C2C1=O |o1:7|,5.4,6.44
O=C(CC1=CN=CC2=CC=CC=C12)N1CC[C@H](N2C=NC=N2)C1 |&1:16|,4.27,
"CO[C@H]1CC[C@@H]2C(=O)N(C3=CN=CC4=CC=CC=C34)C(=O)N2C1 |o1:2,5|",4.23,4.22
N#CC1=CC=C(N(CC2=CC=CC(Cl)=C2)C(=O)CC2=CN=CC3=CC=CC=C23)C=C1,5.79,5.37
O=C(CC1=CN=CC2=CC=CC=C12)N1CCC(F)(F)CC1,5.18,5.17
"C[C@H]1C[C@H]2C[C@@H]1CN2C(=O)CC1=CN=CC2=CC=CC=C12 |&1:1,3,5|",4.78,4.98
CC(C)[C@]1(C#N)CCN(C(=O)CC2=CN=CC3=CC=CC=C23)C1 |o1:3|,4.42,6.23
C[C@H](C(=O)N1CCC2=C(C=CS2)C1)C1=CN=CC2=CC=CC=C12 |&1:1|,4.27,4.09
"CC(C)CNS(=O)(=O)OCC(=O)N1CCN(CC2=CC=CC(Cl)=C2)[C@H]2CS(=O)(=O)C[C@@H]21 |&1:24,30|",6,7.26
C=C(CN(C(=O)[C@H]1CN(CC(=O)NC)CC2=CC=C(Cl)C=C21)C1=CN=CC2=CC=CC=C12)C(=O)NCC1=CC=C(OC)C=C1Cl |&1:6|,4.25,7.91
C=CC(=O)N1CCCC2=C1C=CC=C2N(CC1=CC=CC(C(=O)NC)=C1)C(=O)CC1=CN=CC2=CC=CC=C12,4.45,4.2
O=C(CC1=CN=CC2=CC=CC=C12)N1CCC(C2=NC=CO2)CC1,4.3,4.11
"CNCCN1C[C@@]2(C(=O)N(C3=CN=CC4=CC=CC=C34)C[C@@H]2COCC2(F)COC2)C2=CC(Cl)=CC=C2C1=O |a:6,21|",5.63,6.89
O=C(CC1=CN=CC2=CC=CC=C12)N1CCC[C@H]1C1=CC=CC(F)=C1F |o1:17|,4.09,5.61
O=C(CC1=CN=CC2=CC=CC=C12)N(CC1=CC=CC=C1)[C@H]1CCCC12CCC2 |&1:21|,4.72,4.95
CNC(=O)[C@H](C)N1C[C@H](C(=O)NC2=CN=CC3=CC=CC=C23)C2=CC(Cl)=CC=C2C1=O |o1:8|,5.11,6.69
C=C(CN(C(=O)[C@H]1CCOC2=CC=C(Cl)C=C21)C1=CN=CC2=CC=CC=C12)C(=O)N1CCCCC1 |&1:6|,4.25,
O=C(CC1=CN=CC2=CC=CC=C12)N1CCC[C@H]1CC1CCCCC1 |&1:17|,5.29,5.05
"C[C@H]1CCN2C(=O)N(C3=CN=CC4=CC=CC=C34)C(=O)[C@H]2C1 |o1:1,20|",3.96,4.12
"C[C@H]1CCN(C(=O)CC2=CN=CC3=CC=CC=C23)C[C@H]1N1C=CN=C1 |&1:1,&2:19|",4.32,
O=C(CC1=CN=CC2=CC=CC=C12)N1C[C@H](O)C2CC1C2 |&1:15|,4.31,
O=C(CC1=CN=CC2=CC=CC=C12)N1CC[C@H](C2=CC=CC=C2F)C1 |&1:16|,4.07,4.84
O=C(CC1=CN=CC2=CC=CC=C12)N1CCC2=C(C=CS2)[C@H]1C1CC1 |o1:21|,4.68,5.32
O=C(CC1=CN=CC2=CC=CC=C12)N1CCCN2C=CC=C2C1,4.67,4.51
O=C(CC1=CN=CC2=CC=CC=C12)N1CCCC2(CCCC2)C1,4,4.98
CC1=CC=C(F)C(CN(C)C(=O)CC2=CN=CC3=CC=CC=C23)=C1F,4.73,4.24
O=C(C1=CN=CC2=CC=CC=C12)N1CC[C@H]1C1=CC=CC=C1F |&1:15|,4.21,
CC1=CC([C@H]2CCCN2C(=O)C2=CN=CC3=CC=CC=C23)=CC=N1 |&1:4|,4.16,
CNC(=O)C[C@H]1CCCCN1C(=O)CC1=CN=CC2=CC=CC=C12 |a:5|,4.9,
COC1CCN(C(=O)CC2=CN=CC3=CC=CC=C23)CC1,,4.59
O=C(CC1=CN=CC2=CC=CC=C12)N1CC2=CC=CC(F)=C2OC2=CC=CC=C21,4.61,5.26
O=C(CC1=CN=CC2=CC=CC=C12)N1CCC[C@H]1C1=CC2=CC=CC=C2S1 |&1:17|,5.08,4.56
C=C(CN(C(=O)[C@H]1CN(CC(=O)NC)CC2=CC=C(Cl)C=C21)C1=CN=CC2=CC=CC=C12)C(=O)N1CCOCC1 |&1:6|,5.59,5.25
"CNC(=O)CN1C[C@]2(C(=O)N(C3=CN=CC4=CC=CC=C34)C[C@H]2CO)C2=CC(Cl)=CC=C2C1=O |o1:7,o2:22|",5.36,6.47
CCC1=NOC([C@H]2CCCN2C(=O)CC2=CN=CC3=CC=CC=C23)=C1 |&1:6|,,4.25
O=C(CC1=CN=CC2=CC=CC=C12)N1CCC[C@H](C2CCC2)C1 |&1:17|,4.05,5.17
C=C(CN(C(=O)[C@H]1CN(CC(=O)NC)CC2=CC=C(Cl)C=C21)C1=CN=CC2=CC=CC=C12)C(=O)NC1=CC=C2OCCOC2=C1,6.6,
O=C(CC1=CN=CC2=CC=CC=C12)N1CCOC[C@H]1C1=NC2=CC=CC=C2S1 |&1:18|,4.04,4.01
"O=C(CC1=CN=CC2=CC=CC=C12)N1CC[C@H]2C[C@@H]1C2 |a:16,18|",4.48,4.39
"O=C(CC1=CN=CC2=CC=CC=C12)N1CC[C@H]2CCCC[C@H]2CC1 |&1:16,&2:21|",4.75,5.88
"COC1=CC=CC=C1[C@@H]1C[C@H](C)CCN1C(=O)CC1=CN=CC2=CC=CC=C12 |o1:8,10|",6.22,5.87
O=C1N(C2=CN=CC3=CC=CC=C23)CCC[C@]12CCOC1=CC=C(Cl)C=C12 |o1:16|,4.28,
CN1C(=O)C2=CC=C(Cl)C=C2[C@]12CCN(C1=CN=CC3=CC=CC=C13)C2=O |&1:11|,3.43,4.73
"O=C(CC1=CN=CC2=CC=CC=C12)N1CC[C@H]2CC[C@H]1C2 |&1:16,&2:19|",4.81,4.67
O=C(CC1=CN=CC2=CC=CC=C12)N1CCC2(CCCCO2)CC1,,5.24
O=C(C1=CN=CC2=CC=CC=C12)N1CCCC[C@H]1C1=CC=CC=N1 |&1:17|,4.29,
"O=C1C[C@H]2CCN(C(=O)CC3=CN=CC4=CC=CC=C34)C[C@H]2N1 |&1:3,21|",,4.03
"O=C(COS(=O)(=O)N1CCOCC1)N1CCN(CC2=CC=CC(Cl)=C2)[C@H]2CS(=O)(=O)C[C@H]21 |&1:25,31|",4.67,6.62
CC1(C)CCN(S(C)(=O)=O)C[C@]12NC(=O)N(C1=CN=CC3=CC=CC=C13)C2=O |o1:11|,4.22,4.47
O=C(CC1=CN=CC2=CC=CC=C12)NCC1=CC=CC(Cl)=C1,4.08,5.25
COC1=CC=C(N(CC2=CC=CC=C2)C(=O)CC2=CN=CC3=CC=CC=C23)C=C1,5.72,5.37
COC1=CC=C2C=NC=C(CC(=O)N(CC3=CC=CC(Cl)=C3)C3=CC=C(N(C)C)C=N3)C2=C1,5.69,6.69
C=CC(=O)N1C[C@H](C(N)=O)CC2=CC=C(N(CC3=CC=CC(Cl)=C3)C(=O)CC3=CN=CC4=CC=CC=C34)C=C21 |&1:6|,6.05,6.66
O=C(CC1=CN=CC2=CC=CC=C12)N(CC1=CC=CS1)C1=CC=CC=C1,5.26,5
O=C(CC1=CC(F)=CN=C1)NC1=CN=CC2=CC=CC=C12,4.18,5.33
CN(C(=O)C1=CC=CN=C1)[C@H]1C2=CC=CC=C2C[C@H]1O,5.23,
"C[C@H]1CCN(C(=O)CC2=CN=CC3=CC=CC=C23)[C@@H](C(F)(F)F)C1 |&1:1,18|",5.18,5.43
O=C(N[C@H]1C2=CC=CC=C2C[C@H]1O)C1=CN=CC2=CC=CC=C12,3.76,
CN1C=C([C@H]2CCN(C(=O)CC3=CN=CC4=CC=CC=C34)C2)C=N1 |&1:4|,4.24,
"CC[C@H]1C[C@@H](C(F)(F)F)CCN1C(=O)CC1=CN=CC2=CC=CC=C12 |&1:2,4|",5.64,5.89
CCN1CC2(C1)C(=O)N(C1=CN=CC3=CC=CC=C13)C(=O)N2C,4.54,
CN1C[C@H](CC2=CC=CC=C2)N(C(=O)CC2=CN=CC3=CC=CC=C23)CC1=O |&1:3|,4,4.49
O=C(NCC1=CC=CC=C1N1C=CN=C1)C1=CN=CC2=CC=CC=C12,4.24,
O=C(CC1=CN=CC2=CC=CC=C12)N(CC1=CC=C(F)C=C1)CC1CC1,4.65,4.99
CC(C)(C)[C@H](NC(=O)C(F)(F)F)C(=O)N1C[C@H]2[C@@H]([C@H]1C(=O)N[C@H](C#N)C[C@@H]1CCNC1=O)C2(C)C,7.25,8.68
"CNC(=O)CN1C[C@@]2(C(=O)N(C3=CN=CC4=CC=CC=C34)C[C@@H]2COC(C)C)C2=CC(F)=CC=C2C1=O |a:7,22|",5.27,6.73
COC1=CC=C(CNC(=O)CN2CC3=CC=C(Cl)C=C3[C@H](C(=O)NC3=CN=CC4=CC=CC=C34)C2)C=C1OC |&1:20|,5.72,6.94
"O=C(CC1=CN=CC2=CC=CC=C12)N1CC[C@H]2CCC[C@H]2C1 |&1:16,20|",5.35,5.67
O=C(CC1=CN=CC2=CC=CC=C12)N1CCC[C@H](N2CCCC2)C1 |&1:17|,9,
"O=C(CC1=CN=CC2=CC=CC=C12)N1CC[C@H]2CC[C@H]2C1 |&1:16,19|",5.22,4.99
C[C@H](C1=CC=CC=C1)N(CC1=CC=CC=C1)C(=O)CC1=CN=CC2=CC=CC=C12,5.2,5.15
C=C(CN(C)C1=CC=CC(N(CC2=CC=CC(Cl)=C2)C(=O)CC2=CN=CC3=CC=CC=C23)=C1)C(=O)NC1=CC=CC=C1,4.84,4.46
"CC(C)NS(=O)(=O)OCC(=O)N1CCN(CC2=CC=CC(Cl)=C2)[C@H]2CS(=O)(=O)C[C@@H]21 |&1:23,29|",4.52,
CCC(=O)N1CCCC2=C1C=CC=C2N(CC1=CC=CC(Cl)=C1)C(=O)CC1=CN=CC2=CC=CC=C12,5.69,5.89
"O=C(CC1=CN=CC2=CC=CC=C12)N1C[C@H]2C[C@@H]1[C@@H]1C[C@H]21 |&1:15,17,18,20|",4.06,4.44
O=C(CC1=CN=CC2=CC=CC=C12)N1CCC2=CC=CC=C2C2=CC=CC=C21,3.97,
CC1=CC=C(CCNC(=O)CN2CC3=CC=C(Cl)C=C3[C@H](C(=O)NC3=CN=CC4=CC=CC=C34)C2)C=C1 |&1:20|,5.8,7.12
O=C(CC1=CN=CC2=CC=CC=C12)N1CC2=CC=CC=C2[C@H](CC2CCCCC2)C1 |&1:21|,5.53,4.77
CC1=CC(C)=NC([C@H]2CCN(C(=O)CC3=CN=CC4=CC=CC=C34)C2)=N1 |&1:7|,9,
C[C@H]1CC2=C(C=CS2)CN1C(=O)CC1=CN=CC2=CC=CC=C12 |&1:1|,5.21,6.48
CCCCNC(=O)C1=CN=C([C@H](NC(=O)CCl)C2=CC=CC(Cl)=C2)S1 |&1:11|,4.32,5.25
CNC(=O)C1=CC(Br)=CC([N+](=O)[O-])=C1N[C@@H]1CCCC[C@@H]1NC(=O)C1=CN=CC2=CC=CC=C12,6.2,8.22
O=C(C1=CN=CC2=CC=CC=C12)N1CCCC[C@H]1C1=CC=CC=C1,4.39,
CC1=CSC([C@H]2CCCN2C(=O)CC2=CN=CC3=CC=CC=C23)=N1 |&1:5|,4.97,4.32
O=C(CC1=CN=CC2=CC=CC=C12)N1CCC(NC2=CC=CC3=NC=CC=C23)CC1,,4.07
"O=C(CC1=CN=CC2=CC=CC=C12)N1CC[C@H](C[C@H]2CCCO2)C1 |&1:16,&2:18|",4.25,
C=C(CN(C(=O)C1CCOC2=C1C=C(Cl)C=C2)C1=CN=CC2=CC=CC=C12)C(=O)NC1=CC=CC=C1,4.88,6.45
CN1C[C@]2(CCN(C3=CN=CC4=CC=CC=C34)C2=O)C2=CC(Cl)=CC=C2C1=O |o1:3|,4.28,
CC(=O)C1=CC=CC(CN2CCN(C(=O)COS(=O)(=O)N3CCOCC3)C[C@H]2CC(C)C)=C1 |&1:27|,4.45,6.13
O=C(NCC(=O)N1CCCC1)C1=CN=CC2=CC=CC=C12,5.13,
O=C(CC1=CN=CC2=CC=CC=C12)N1CC[C@H](N2C=CN=C2)C1 |&1:16|,4.25,
O=C(CC1=CN=CC2=CC=CC=C12)N1CC[C@H](N2C=CC=N2)C1 |&1:16|,4.3,
O=C(CC1=CN=CC2=CC=CC=C12)N1C[C@H](CF)C2(CCCC2)C1 |&1:15|,4.39,5.43
O=C(NCC1=NC=CN1C1=CC=CC=C1)C1=CN=CC2=CC=CC=C12,4.17,
COC[C@H]1CN(C2=CN=CC3=CC=CC=C23)C(=O)[C@@]12CN(C)C(=O)C1=CC=C(Cl)C=C12,3.8,5.48
"C[C@H](CO)C[C@H]1CN(C(=O)CO)CCN1CC1=CC=CC(Cl)=C1 |&1:1,&2:5|",8.62,
CC(C)CCN(CC1=CC=CC=C1)C(=O)CC1=CN=CC2=CC=CC=C12,5.24,5.13
CC1=CSC(C[C@H]2CCCN(C(=O)CC3=CN=CC4=CC=CC=C34)C2)=N1 |&1:6|,,4.17
CC1=CC=C2NC=C(CCNC(=O)CN3CC4=CC=C(Cl)C=C4[C@H](C(=O)NC4=CN=CC5=CC=CC=C45)C3)C2=C1 |&1:23|,5.64,7.12
"CO[C@H]1CC[C@@H]2C(=O)N(C3=CN=CC4=CC=CC=C34)C(=O)N2C1 |o1:2,5|",3.95,4.43
CN[C@@H](C)CN1C[C@H](C(=O)NC2=CN=CC3=CC=CC=C23)C2=CC(Cl)=CC=C2C1=O |&1:7|,5.42,6.79
CC(=O)N[C@@H]1CCCN(C(=O)CC2=CN=CC3=CC=CC=C23)C1 |a:4|,4.24,
CC1=CC=CC(CC(=O)NC2=CN=CC3=CC=CC=C23)=C1Cl,4.38,
CN(C)C1=NOC([C@H]2CCCN2C(=O)CC2=CN=CC3=CC=CC=C23)=N1 |&1:7|,4.51,
O=C(CC1=CN=CC2=CC=CC=C12)N1CC(CC2=CC=NC=C2)C1,9,
O=C(CC1=CN=CC2=CC=CC=C12)N1CCC(CC2CC2)CC1,4.01,5.56
O=C(CC1=CN=CC2=CC=CC=C12)N1CCC(CC2=CC=CC=N2)CC1,4.22,
CN1C[C@H](C(=O)NC2=CN=CC3=CC=CC=C23)C2=CC(CO)=CC=C2C1=O |o1:3|,4.23,
N#CC[C@@H]1CCCN(C(=O)CC2=CN=CC3=CC=CC=C23)C1 |a:3|,4.3,4.34
O=C(CC1=CN=CC2=CC=CC=C12)N1CC[C@H](C2=CC=CC(F)=C2)C1 |o1:16|,4.85,5.03
C=C(CN(C(=O)[C@H]1CN(CC(=O)NC)C(=O)C2=CC=C(Cl)C=C21)C1=CN=CC2=CC=CC=C12)C(=O)NC1=CC=C(N2C=CC=N2)C=C1 |&1:6|,4.41,5.93
O=C(CC1=CN=CC2=CC=CC=C12)N1CCC[C@H]1C1CCCCCC1 |&1:17|,4.05,5.01
"COC[C@H]1CC[C@@H](C2=CC=C(F)C=C2)N1C(=O)CC1=CN=CC2=CC=CC=C12 |a:3,6|",,5.01
C=C(CN(C(=O)[C@H]1CN(CC(=O)NC)CC2=CC=C(Cl)C=C21)C1=CN=CC2=CC=CC=C12)C(=O)O |&1:6|,4.68,4.88
CNC(=O)C1(N2C[C@@]3(CCN(C4=CN=CC5=CC=CC=C45)C3=O)C3=CC(Cl)=CC=C3C2=O)CC1 |a:7|,9,4.4
"C[C@H]1CC[C@@H]2C(=O)N(C3=CN=CC4=CC=CC=C34)C(=O)N2C1 |o1:1,4|",4.34,4.21
O=C(CC1=CN=CC2=CC=CC=C12)N1CC(F)(F)CC2(CCC2)C1,,4.22
"CS(=O)(=O)C[C@@H]1C[C@@H]2CCC[C@@H]2N1C(=O)CC1=CN=CC2=CC=CC=C12 |a:5,7,11|",,4.22
CC[C@H](C(=O)NC1=CN=CC2=CC=CC=C12)C1=CC(F)=C(F)C(F)=C1 |&1:2|,4.53,6.11
C[C@]1(C2=CC=CC=C2)CCCN(C(=O)CC2=CN=CC3=CC=CC=C23)C1 |&1:1|,,4.57
"C[C@H]1CN(C(=O)CC2=CN=CC3=CC=CC=C23)[C@H](C)CC1=O |&1:1,&2:17|",,4.14
"N#CN1CCN(CC2=CC=CC(Cl)=C2)[C@H]2CS(=O)(=O)C[C@H]21 |&1:14,&2:20|",8.56,
"O=C1C2=CC=C(Cl)C=C2[C@@]2(CN1CC1=NNC=C1)C(=O)N(C1=CN=CC3=CC=CC=C13)C[C@@H]2CNC1=NN=CO1 |a:9,32|",7.12,8.18
O=C(CC1=CN=CC2=CC=CC=C12)N1CCC[C@H](C2CCC2)CC1 |&1:17|,4.07,5.48
C=C(CN(C(=O)[C@H]1CN(CC(=O)NC)CC2=CC=C(Cl)C=C21)C1=CN=CC2=CC=CC=C12)C(=O)N(CC1=CC=CC=C1)[C@H]1CCS(=O)(=O)C1,9,
C=CC(=O)N1CCCC2=C1C=CC=C2N(C(=O)CC1=CN=CC2=CC=CC=C12)C1(C2=CC=CC(Cl)=C2)COC1,5.01,4.99
O=C(CC1=CN=CC2=CC=CC=C12)N1CCC([C@H]2CCCO2)CC1 |&1:17|,,4.52
O=C(CC1=CN=CC2=CC=CC=C12)N1CC[C@H](CC2=CC=C(C(F)F)C=C2)C1 |&1:16|,4.33,4.18
O=C(CC1=CN=CC2=CC=CC=C12)N1CCC2(CC1)CC2(F)F,,5.2
"C[C@H](F)[C@H]1CCCN1C(=O)CC1=CN=CC2=CC=CC=C12 |&1:1,&2:3|",,4.07
CC1=NC([C@H]2CCCN2C(=O)CC2=CN=CC3=CC=CC=C23)=CS1 |&1:4|,4.1,4.67
O=C(CC1=CN=CC2=CC=CC=C12)N1CCC[C@H](C2=NOC=C2)C1 |&1:17|,,4.47
CNC(=O)CN1C[C@]2(C(=O)N(C3=CN=CC4=CC=CC=C34)C/C2=C\F)C2=CC(Cl)=CC=C2C1=O |&1:7|,5.06,6.75
O=C(CC1=CN=CC2=CC=CC=C12)N1CC[C@H](CC2=CC=CC=N2)C1 |&1:16|,4.26,4.15
O=C(CC1=CN=CC2=CC=CC=C12)N1CCC[C@@H](C(F)(F)F)C1 |a:17|,4,4.74
"C[C@H]1C[C@H](C2=CC=CC=C2)CCN1C(=O)CC1=CN=CC2=CC=CC=C12 |&1:1,&2:3|",,4.85
"C[C@H]1C[C@H]2CC[C@@H](C1)N2C(=O)CC1=CN=CC2=CC=CC=C12 |a:1,3,6|",4.82,5.38
CC1=CC=C(CNC(=O)CN2CC3=CC=C(Cl)C=C3[C@H](C(=O)NC3=CN=CC4=CC=CC=C34)C2)C=C1 |&1:19|,5.78,6.96
"C[C@H]1CN(C2=CN=CC3=CC=CC=C23)C(=O)[C@@]12CN(C1CNC1)C(=O)C1=CC=C(Cl)C=C12 |a:1,16|",6.16,7.27
C=C(CN[C@]1(C(=O)NC2=CN=CC3=CC=CC=C23)CCOC2=CC=C(Cl)C=C21)C(=O)OC(C)(C)C,5.05,
CNS(=O)(=O)OCC(=O)N1CCN(S(=O)(=O)C2=CSC=C2)[C@H](C(=O)NCC2=CC=CC=N2)C1 |&1:21|,,4.79
"CO[C@@H]1C[C@@H]2C[C@H]1CN2C(=O)CC1=CN=CC2=CC=CC=C12 |&1:2,4,6|",,4.27
"O=C(CC1=CN=CC2=CC=CC=C12)N1C[C@@H]2[C@H](C1)[C@@H]2C(F)(F)F |a:15,16,18|",,4.3
CN(CC1=NN(C2=CC=CC=C2)N=C1)C(=O)C1=CN=CC2=CC=CC=C12,7.33,
O=C(O)C[C@H]1CCCN(C(=O)CC2=CN=CC3=CC=CC=C23)C1 |a:4|,4.22,
O=C(CC1=CN=CC2=CC=CC=C12)N1CCCC2(CCC2)CC1,5.13,5.79
O=C(CC1=CN=CC2=CC=CC=C12)N1CCC[C@H](OC2=CC=CC=C2)C1 |&1:17|,,4.27
O=C(CC1=CN=CC2=CC=CC=C12)N1CCC(F)(C2=CC=CC=C2)CC1,3.84,4.63
O=C(CC1=CN=CC2=CC=CC=C12)N1CC[C@H](OC(F)(F)F)C1 |&1:16|,4.74,5.62
CC(C)C[C@H]1CN(C(=O)COS(N)(=O)=O)CCN1CC1=CC=CC(Cl)=C1 |&1:4|,5.08,5.17
CC1=NC=CC([C@H]2CCCN(C(=O)CC3=CN=CC4=CC=CC=C34)C2)=N1 |&1:6|,4.27,
"O=C(CC1=CN=CC2=CC=CC=C12)N1C[C@H]2CS(=O)(=O)C[C@H]2C1 |a:15,21|",,4.63
"C[C@H](OC(C)(C)C)[C@@H](NC(=O)OCC1=CC=CC(OCCCCCCOC2=CC=CC3=C2C(=O)N([C@H]2CCC(=O)NC2=O)C3=O)=C1)C(=O)N[C@H](CC1CCCCC1)C(=O)N[C@H](C=O)C[C@@H]1CCNC1=O |a:1,7,49,60,64,&1:35|",4.16,5.41
"CC[C@H]1CN(C(=O)CC2=CN=CC3=CC=CC=C23)C[C@@H]1C1=CC=C(OC)C=C1 |&1:2,19|",,4.88
COC1=CC=C(O)C([C@H](C)NC(=O)C2=CN=CC3=CC=CC=C23)=C1 |&1:8|,4.3,
CC(=O)N1CC2(C1)C(=O)N(C1=CN=CC3=CC=CC=C13)C(=O)N2C,4.8,
CC1(C2=CC=CC=C2)CCN(C(=O)CC2=CN=CC3=CC=CC=C23)CC1,,5.16
"O=C1C2=CC=C(Cl)C=C2[C@@]2(CN1CC1=NNC=C1)C(=O)N(C1=CN=CC3=CC=CC=C13)C[C@@H]2CNC1=NN=C(C(F)(F)F)S1 |a:9,32|",7.22,7.34
"O=C1C[C@H]2COC[C@H](C1)N2C(=O)CC1=CN=CC2=CC=CC=C12 |&1:3,&2:7|",,4.27
COC[C@H]1CC12CCN(C(=O)CC1=CN=CC3=CC=CC=C13)CC2 |&1:3|,,4.59
O=C(CC1=CN=CC2=CC=CC=C12)N1CCCSC[C@H]1C1CC1 |&1:19|,4.01,4.22
C=CC(=O)N(C)C1=CC=CC(N(CC2=CC=CC(Cl)=C2)C(=O)CC2=CN=CC3=CC=CC=C23)=C1,6.23,5.76
CNC(=O)CN1C[C@@]2(C(=O)N(C3=CN=CC4=CC=CC=C34)C[C@@H]2CC#N)C2=CC(F)=CC=C2C1=O,5.58,6.77
"C[C@H]1C[C@H](C2CCCCC2)CN1C(=O)CC1=CN=CC2=CC=CC=C12 |&1:1,&2:3|",,5.22
O=C(CC1=CN=CC2=CC=CC=C12)N1CCC(OC2CC2)CC1,,4.29
O=C(N[C@H]1CCCN(C(=O)C2=CN=CC3=CC=CC=C23)C1)C1=CC=C(Cl)C=C1 |&1:3|,4.22,
C=CC(=O)NC1=CC=CC(N(CC2=CC=C(Cl)C=C2Cl)C(=O)CC2=CN=CC3=CC=CC=C23)=C1,4.99,4.22
O=C(CC1=CN=CC2=CC=CC=C12)N1CCCC[C@H]1C1=CN=CS1 |&1:18|,4.24,4.49
CN1C[C@H](C(=O)NC2=CN=CC3=CC=CC=C23)C2=CC=CC=C2C1=O |o1:3|,4.27,
CC(C)C[C@H]1CN(C(=O)COS(=O)(=O)N2CCCCC2)CCN1CC1=CC=CC(Cl)=C1 |&1:4|,4.86,6.41
C[C@H](N(CC1=CC=CC=C1)C(=O)CC1=CN=CC2=CC=CC=C12)C(F)(F)F |&1:1|,4.48,4.33
O=C(CC1=CN=CC2=CC=CC=C12)N1CC[C@H](OC2=CC=CC=C2)C1 |&1:16|,7.29,4.26
"CNC(=O)CN1C[C@]2(C[C@H](COC)N(C3=CN=CC4=CC=CC=C34)C2=O)C2=CC(Cl)=CC=C2C1=O |&1:7,9|",4.28,4.27
O=C(CC1=CN=CC2=CC=CC=C12)N1CC[C@]2(CC=CCO2)C1 |o1:16|,4.53,5.16
O=C(CC1=CN=CC2=CC=CC=C12)N1CCC(C2CC2)CC1,4.81,5.77
C=CC(=O)NC1=CC=CC(N(CC2=CC=CC(C(=N)N)=C2)C(=O)CC2=CN=CC3=CC=CC=C23)=C1,4.27,5.18
"O=C(CN1CC2=CC=C(Cl)C=C2[C@H](C(=O)NC2=CN=CC3=CC=CC=C23)C1)NCCCCCCCOC1=CC=CC2=C1C(=O)N([C@H]1CCC(=O)NC1=O)C2=O |&1:12,&2:45|",5.03,6.81
O=C(CC1=CN=CC2=CC=CC=C12)N1CCC[C@H]1CCCN1C=CC=N1 |&1:17|,,4.15
"O=C(CN1CC2=CC=C(Cl)C=C2[C@H](C(=O)NC2=CN=CC3=CC=CC=C23)C1)NCCOCCOCCOCCOCCOC1=CC=CC2=C1C(=O)N([C@H]1CCC(=O)NC1=O)C2=O |&1:12,&2:52|",5.41,6.35
"COC1=CC=CC([C@H](C)[C@H]2CCN(C(=O)CC3=CN=CC4=CC=CC=C34)C2)=C1 |&1:7,&2:9|",,4.79
O=C(CC1=CN=CC2=CC=CC=C12)N1CCC[C@H]1C1=C(Cl)C=CC=C1Cl |&1:17|,4.73,4.38
N=C(N)NCC1=CC=C(OC(=O)NC2=CC=CC=C2)C=C1,4.2,5.13
CC1=NN(C2CCN(C(=O)CC3=CN=CC4=CC=CC=C34)CC2)C=C1,4.28,
CC(C)C1=NC([C@H]2CCCN(C(=O)CC3=CN=CC4=CC=CC=C34)C2)=NO1 |&1:6|,,4.04
"O=C1CC[C@H](N2C(=O)C3=CC=C(N4CCN(C5=CC=C(NC(=O)CN6CC7=CC=C(Cl)C=C7[C@H](C(=O)NC7=CN=CC8=CC=CC=C78)C6)C=C5)CC4)C=C3C2=O)C(=O)N1 |&1:4,&2:33|",4.89,7.09
N#CC1=CC=C(N(CC2=CC=CC=C2)C(=O)CC2=CN=CC3=CC=CC=C23)C=C1,5.69,4.89
C=C(CN(C(=O)[C@H]1CN(CC(=O)NC)CC2=CC=C(Cl)C=C21)C1=CN=CC2=CC=CC=C12)C(=O)NCC1=CC=C(OC)C=C1Cl,,7.48
"O=C(CC1=CN=CC2=CC=CC=C12)N1CC[C@H]2COC[C@H]2C1 |&1:16,&2:20|",4.07,4.28
CNC(=O)CN1C[C@@]2(C(=O)N(C3=CN=CC4=CC=CC=C34)C[C@@H]2CC2=CC=CC=C2)C2=CC(F)=CC=C2C1=O,5.68,6.96
"C=C(C(=O)NC1=CC=CC=C1)[C@H]1C[C@]2(CN(CC(=O)NC)C(=O)C3=CC=C(Cl)C=C32)C(=O)N1C1=CN=CC2=CC=CC=C12 |&1:11,&2:13|",4.59,5.59
O=C(CC1=CN=CC2=CC=CC=C12)N1CC[C@H](SC2=CC=CC(Cl)=C2)C1 |&1:16|,3.69,4.53
N#CC1(C2=CC=CC=C2)CCN(C(=O)CC2=CN=CC3=CC=CC=C23)CC1,4.6,5.36
CNS(=O)(=O)OCC(=O)N1CCN(CC2=CC=CC(Cl)=C2)[C@H](CC(C)C)C1 |&1:21|,5.21,5.78
O=C(NCC1=CC2=C(CCCC2)N=C1O)C1=CN=CC2=CC=CC=C12,4.32,4.46
CN1C[C@]2(CCN(C3=CN=CC4=CC=CC=C34)C2=O)C2=CC(Cl)=CC=C2C1=O |o1:3|,5.4,6.31
CN1C(=O)N(C2=CN=CC3=CC=CC=C23)C(=O)[C@@H]1CC1=CC=CC=C1,,4.06
CN1C[C@H](C(=O)NC2=CN=CC3=CC=CC=C23)C2=CC(F)=CC=C2C1=O |o1:3|,4.52,5.02
O=C(CC1=CN=CC2=CC=CC=C12)N1CCC[C@H]1C1=CC=CC(F)=C1 |&1:17|,4.22,5.77
CCN1CCN(C2=CC=C(NC(=O)CN3CC4=CC=C(Cl)C=C4[C@H](C(=O)NC4=CN=CC5=CC=CC=C45)C3)C=C2F)CC1 |&1:23|,5.45,7.43
O=C(CC1=CN=CC2=CC=CC=C12)N1CCC[C@H]1C1=CC=C(Cl)C=C1 |&1:17|,4.94,4.68
O=C(NCC1=CC=CC=N1)[C@H]1CN(C(=O)COS(=O)(=O)NC2=CC=CC=C2)CCN1S(=O)(=O)C1=CSC=C1 |&1:10|,4.18,4.75
CNC(=O)CN1C[C@@]2(C(=O)N(C3=CN=CC4=CC=CC=C34)C[C@@H]2COCCF)C2=CC(F)=CC=C2C1=O,5.59,6.96
O=C(CC1=CN=CC2=CC=CC=C12)N1CCC2=NC=C(C(F)(F)F)C=C2C1,4.24,4.4
O=C(CC1=CN=CC2=CC=CC=C12)N1CCCCCC2=CC=CC=C2C1,5.36,5.79
CC1=CN=CC(CC(=O)NC2=CN=CC3=CC=CC=C23)=C1,3.8,4.99
O=C(CC1=CN=CC2=CC=CC=C12)N1CC[C@H](CC2=CC=NC=C2)C1 |&1:16|,4.26,
"C[C@H]1CCN(C(=O)CC2=CN=CC3=CC=CC=C23)C[C@@H]1O |&1:1,19|",4.06,4.6
CNC(=O)CN1C[C@]2(C(=O)N(C3=CN=CC4=CC=CC=C34)CC2(C)C)C2=C(C=CC(Cl)=C2)C1=O |o1:7|,4.13,5.18
O=C(CC1=CN=CC2=CC=CC=C12)N1CCC2=C(C=CS2)[C@H]1C1CC1 |o1:21|,5.41,6.73
C[C@H]1CN(C(=O)CC2=CN=CC3=CC=CC=C23)CC2=C1SC=C2 |o1:1|,4.21,5.34
O=C(CC1=CN=CC2=CC=CC=C12)N1CC[C@H](OC(F)(F)F)C1 |o1:16|,4.92,5.99
CN1C[C@H](C(=O)NC2=CN=CC3=CC=CC=C23)C2=CC(C(F)(F)F)=CC=C2C1=O |o1:3|,4.32,4.75
O=C(CC1=CN=CC2=CC=CC=C12)N1CCC2(O)CC1C2,4.22,
NC(=O)[C@H]1CCCN(C(=O)CC2=CN=CC3=CC=CC=C23)C1 |a:3|,4.24,4.06
O=C1C[C@H](C(=O)NC2=CN=CC3=CC=CC=C23)C2=CC=CC=C2N1 |&1:3|,3.78,4.65
CC1=NN(C2=CC=C(Cl)C=C2)C(NC(=O)C2=CN=CC3=CC=CC=C23)=C1C,7.88,
"C[C@H]1CCN(C(=O)CC2=CN=CC3=CC=CC=C23)[C@@H](C2CCOCC2)C1 |o1:1,18|",5.27,5.34
"O=C(COS(=O)(=O)N1CCOCC1)N1CCN(CC2=CC=CC(Cl)=C2)[C@H]2CCCC[C@H]21 |&1:25,&2:30|",4.79,5.88
O=C(CC1=CN=CC2=CC=CC=C12)N1CCC[C@H](C2=CC=CC(F)=C2)C1 |&1:17|,,5.1
O=C(CC1=CN=CC2=CC=CC=C12)N1CC2=CC=CC=C2[C@H](C2=CC=CS2)C1 |&1:21|,3.7,4.56
C[C@H](O)CN1C[C@H](C(=O)NC2=CN=CC3=CC=CC=C23)C2=CC(Cl)=CC=C2C1=O |o1:6|,5.5,6.86
O=C(CN1CC2=CC=C(Cl)C=C2[C@H](C(=O)NC2=CN=CC3=CC=CC=C23)C1)NCC1=CC(Cl)=CC(Cl)=C1 |&1:12|,5.31,7.16
O=C(CN1CC2=CC=C(Cl)C=C2[C@H](C(=O)NC2=CN=CC3=CC=CC=C23)C1)NCC1=CC=CC(Br)=C1 |&1:12|,4.84,7.35
CC1=CC=C(Cl)C([C@H]2CCCN2C(=O)C2=CN=CC3=CC=CC=C23)=C1 |&1:7|,9,
N#CC1=CC=C2C(=C1)OC1=C(F)C=CC=C1CN2C(=O)CC1=CN=CC2=CC=CC=C12,4.99,4.81
O=C(CC1=CN=CC2=CC=CC=C12)N1CCC(C2=CC=CC=C2)CC1,4.31,4.49
C=C(CN(C(=O)[C@H]1CN(CC(=O)NC)C(=O)C2=CC=C(Cl)C=C21)C1=CN=CC2=CC=CC=C12)C(=O)O |&1:6|,4.19,5.46
CO[C@H](C)CN1C[C@H](C(=O)NC2=CN=CC3=CC=CC=C23)C2=CC(Cl)=CC=C2C1=O |o1:7|,5.73,6.74
CN1N=CC2=CN=CC(NC(=O)[C@H]3CNS(=O)(=O)C4=CC=C(Cl)C=C43)=C21 |o1:12|,4.76,5.07
CC(=O)N1C[C@@H]2C[C@H]1[C@H]1C(=O)N(C3=CN=CC4=CC=CC=C34)C(=O)N21 |o1:8|,4.02,
CC1=C(CCNC(=O)C2=CN=CC3=CC=CC=C23)C2=CC(O)=CC=C2N1,4.23,
"C[C@H]1[C@@H]2CN(C(=O)CC3=CN=CC4=CC=CC=C34)C[C@H]12 |a:1,2,19|",,5
"O=C(CC1=CN=CC2=CC=CC=C12)N1CC[C@H]2COC[C@H]1C2 |&1:16,&2:20|",4.07,4.14
O=C(CC1=CN=CC2=CC=CC=C12)N1CCC[C@H]1CN1CCC(F)(F)CC1,4.12,4.47
CN1C(=O)[C@]2(CCN(C3=CN=CC4=CC=CC=C34)C2=O)C2=CC(Cl)=CC=C21 |o1:4|,5.24,6.38
O=C(CC1=CN=CC2=CC=CC=C12)N1CCC[C@H]1C1=CC(F)=CC(F)=C1 |&1:17|,3.6,5.73
O=C1C[C@H](CC2=CC=CC=C2)CN1C1=CN=CC2=CC=CC=C12 |&1:3|,4.38,4.91
O=C(CC1=CN=CC2=CC=CC=C12)N1CCC[C@]2(C=CC3=CC=CC=C3O2)C1 |&1:17|,,4.17
CC(C)C[C@H]1CN(C(=O)COS(=O)(=O)N2CCCC2)CCN1CC1=CC=CC(Cl)=C1 |&1:4|,4.17,5.83
CC1=CC=C2CN(C(=O)CC3=CN=CC4=CC=CC=C34)CCC2=N1,4.35,4.44
CN1C=C([C@H]2CCCCN2C(=O)CC2=CN=CC3=CC=CC=C23)C=N1 |&1:4|,,4.27
COCC(=O)[C@H]1CCCCN1C(=O)CC1=CN=CC2=CC=CC=C12 |&1:5|,,4.06
O=C(NC1=CN=CC2=CC=CC=C12)[C@H](CC(F)(F)F)C1=CC(F)=CC=C1 |&1:13|,4.1,5.2
O=C(NCCC1=NC=CN1C1=CC=CC=C1)C1=CN=CC2=CC=CC=C12,4.26,
CC[C@H]1C2=C(CCN1C(=O)CC1=CN=CC3=CC=CC=C13)SC=C2 |&1:2|,5.38,6.28
O=C(CC1=CN=CC2=CC=CC=C12)N1CCC[C@H]1C1=CC=CC(F)=C1F |o1:17|,4.43,4.26
O=C(CC1=CN=CC2=CC=CC=C12)N1CCC2=NC=C(Cl)C=C2C1,4.29,4.48
CC1=NC=C2CC[C@H](NC(=O)C3=CN=CC4=CC=CC=C34)CN21 |&1:7|,4.15,
O=C1C(C2=CC=CC(Cl)=C2)=CN=CN1C1=CN=CC2=CC=CC=C12,4.76,5.78
C=CC(=O)N1CCCC2=CC=C(N(CC3=CC=CC(C4=CC=CC=C4)=C3)C(=O)CC3=CN=CC4=CC=CC=C34)C=C21,5.03,5.88
COC1=CC=CC(CNC(=O)CN2CC3=CC=C(Cl)C=C3[C@H](C(=O)NC3=CN=CC4=CC=CC=C34)C2)=C1 |&1:21|,5.96,7.08
CN(CC1=CC=C2C=CNC2=C1)C(=O)C1=CN=CC2=CC=CC=C12,4.19,
COC1=CC=CC(C[C@H]2CCCN2C(=O)CC2=CN=CC3=CC=CC=C23)=C1 |o1:8|,4.57,5.36
CNC(=O)CN1C[C@@]2(C(=O)N(C3=CN=CC4=CC=CC=C34)C[C@H]2C)C2=CC(Cl)=CC=C2C1=O,4.23,5.62
C=CC(=O)N1CCC2=CC=C(N(CC3=CC=CC(Cl)=C3)C(=O)CC3=CN=CC4=CC=CC=C34)C=C21,6.34,5.75
C[C@H]1CN(C)CCN1C(=O)CC1=CN=CC2=CC=CC=C12 |&1:1|,4.92,
"CNC(=O)CN1C[C@]2(C(=O)N(C3=CN=CC4=CC=CC=C34)C[C@H]2CC2CC2)C2=CC(Cl)=CC=C2C1=O |o1:7,22|",4.15,5.27
CC1=C(NC(=O)[C@H](CB2OC(C)(C)C(C)(C)O2)NC(=O)OC(C)(C)C)C=CC(Br)=C1Cl |&1:6|,6.94,
"O=C(CC1=CN=CC2=CC=CC=C12)N1C[C@H](C2=CC=CC=C2)O[C@H](C2=CC=C(F)C=C2)C1 |&1:15,&2:23|",3.79,4.17
CCC1=CC=C(CNC(=O)CN2CC3=CC=C(Cl)C=C3[C@H](C(=O)NC3=CN=CC4=CC=CC=C34)C2)C=C1 |&1:20|,6.03,6.99
CC1=CC=C(F)C=C1C(F)(F)C(=O)NC1=CN=CC2=CC=CC=C12,3.84,5
CNC(=O)CN1C[C@@]2(C(=O)N(C3=CN=CC4=CC=CC=C34)C[C@@H]2C)C2=CN=CC=C2C1=O,4.45,5.59
O=C(CC1=CN=CC2=CC=CC=C12)N1CC(CC2=CC=CC=N2)C1,4.24,
C=C(CN(C(=O)[C@H]1CN(CC(=O)NC)CC2=CC=C(Cl)C=C21)C1=CN=CC2=CC=CC=C12)C(=O)NC |&1:6|,5.01,6.72
O=C(NCC1=NC2=CC=CC=C2N1)C1=CN=CC2=CC=CC=C12,4.52,4.23
O=C1N[C@H](CC2CC2)C(=O)N1C1=CN=CC2=CC=CC=C12 |&1:3|,4.36,4.31
C=C1CN(C2=CN=CC3=CC=CC=C23)C(=O)[C@]12CN(CC1=CC=C(OC)C=C1OC)C(=O)C1=CC=C(F)C=C12 |&1:16|,5.28,7
O=C(CC1=CN=CC2=CC=CC=C12)N1CC[C@H](C2CCCCC2)C1 |&1:16|,3.7,5.26
C=C(CN1CCC2=C(C=C(Cl)C=C2)C1C(=O)NC1=CN=CC2=CC=CC=C12)C(=O)O,4.81,5.62
"CNC(=O)CN1C[C@]2(C(=O)N(C3=CN=CC4=CC=CC=C34)C[C@H]2COC)C2=CC(Cl)=CC=C2C1=O |o1:7,22|",4.36,5.73
"O=C(CC1=CN=CC2=CC=CC=C12)N1C[C@H]2CC[C@H]2[C@H]1C1=CC=CC=C1 |o1:15,18,19|",4.58,4.75
CN(C(=O)C1=CN=CC2=CC=CC=C12)[C@H](C1=CC=CC(Cl)=C1)C1=CC=CC=N1 |&1:14|,3.84,
C=C(CN(C(=O)[C@H]1CN(CC(=O)NC)CC2=CC=C(Cl)C=C21)C1=CN=CC2=CC=CC=C12)C(=O)NC1=CC=CC=C1 |&1:6|,4.77,7.1
CC1=CC2=C(C=C1C)[C@H](C(=O)NC1=CN=CC3=CC=CC=C13)CO2 |&1:8|,5.29,5.34
"O=C(CC1=CN=CC2=CC=CC=C12)N1[C@H]2C=CC[C@H]1CCC2 |&1:14,&2:18|",4.4,5.24
O=C(CC1=CN=CC2=CC=CC=C12)N1CCC[C@H](CCC(F)(F)F)C1 |&1:17|,4.64,4.76
O=C(CC1=CN=CC2=CC=CC=C12)N1CC[C@H](C2=CC=C(Cl)C=C2)C1 |&1:16|,4.3,4.25
C#CC1=CC=C2C(=O)N(C)C[C@H](C(=O)NC3=CN=CC4=CC=CC=C34)C2=C1 |o1:11|,4.52,5.13
CNC(=O)CN1C[C@]2(C[C@H](C)N(C3=CN=CC=C3C3CC3)C2=O)C2=C(C=CC(Cl)=C2)C1=O,4.73,
O=C(CN1CC2=CC=C(Cl)C=C2[C@H](C(=O)NC2=CN=CC3=CC=CC=C23)C1)NC1=CC=C2SC=NC2=C1 |&1:12|,5.26,6.93
CN1C(=O)N(C2=CN=CC3=CC=CC=C23)C(=O)C12CN(S(=O)(=O)C1CC1)C2,4.13,4.74
"C[C@H]1CN(C2=CN=CC3=CC=CC=C23)C(=O)[C@@]12CN(CCN1CCOC(F)(F)C1)C(=O)C1=CC=C(Cl)C=C12 |a:1,16|",6.4,7.89
"CO[C@H]1CCN2C(=O)N(C3=CN=CC4=CC=CC=C34)C(=O)[C@@H]2C1 |&1:2,21|",4.28,4.03
"CC(C)O[C@H]1CCN(C(=O)CC2=CN=CC3=CC=CC=C23)[C@@H](C)C1 |&1:4,21|",,4.39
C=CC(=O)N1CCCC2=CC=C(N(C(=O)CC3=CN=CC4=CC=CC=C34)N(C)C3=CC=CC(Cl)=C3)C=C21,5.79,8.19
O=C(CC1=CN=CC2=CC=CC=C12)N1CC[C@H](C2=CC=CC(Cl)=C2)C1 |&1:16|,3.97,5.04
CC1(C)CN(C(=O)CC2=CN=CC3=CC=CC=C23)[C@H]1C1=CC=CS1 |&1:18|,4.6,4.86
O=C(CC1=CN=CC2=CC=CC=C12)N1CCC2(C[C@H]1C(F)(F)F)OCCO2 |&1:18|,,4.78
CC1=NC=C(CNC(=O)C2=CN=CC3=CC=CC=C23)N1C1=CC=CC=C1,4.1,
CN1N=CC=C1C[C@H]1CCCN1C(=O)CC1=CN=CC2=CC=CC=C12 |a:7|,4.36,4.12
"CO[C@H]1CCN(C(=O)CC2=CN=CC3=CC=CC=C23)C[C@H]1C |&1:2,&2:20|",4.99,4.45
"C[C@H]1CCN2C(=O)N(C3=CN=CC4=CC=CC=C34)C(=O)[C@@H]2C1 |o1:1,20|",4.41,4.1
"C[C@H]1CCCN(C(=O)CC2=CN=CC3=CC=CC=C23)[C@H]1C |o1:1,19|",4.4,5.06
CC1=CC=C([C@H]2CCCN2C(=O)CC2=CN=CC3=CC=CC=C23)C=C1 |&1:5|,4.66,4.32
"C[C@H]1COC2=CC=CC=C2[C@H]1C(=O)NC1=CN=CC2=CC=CC=C12 |&1:1,&2:10|",4.77,4.71
O=C(CC1=CN=CC2=CC=CC=C12)N1CCCC2=C(C=CS2)C1,4.58,5.84
COC1=CC=C2OCC[C@@H](NC(=O)C3=CN=CC4=CC=CC=C34)C2=C1,3.9,
CC(=O)NC1=CC=C(N(C)C(=O)CN2CC3=CC=C(Cl)C=C3[C@H](C(=O)NC3=CN=CC4=CC=CC=C34)C2)C=C1 |&1:22|,5.26,5.83
O=C(CC1=CN=CC2=CC=CC=C12)N(CC1=CC=CC(Cl)=C1)C1=CC=CC=N1,5.55,5.88
"C[C@H]1[C@@H]2CCN(C(=O)CC3=CN=CC4=CC=CC=C34)C[C@H]12 |&1:1,2,20|",5.34,5.58
"CO[C@H]1CCN2C(=O)N(C3=CN=CC4=CC=CC=C34)C(=O)[C@H]2C1 |o1:2,21|",4.25,
O=C(CC1=CN=CC2=CC=CC=C12)N1CCCC[C@H]1C1=NC2=CC=CC=C2S1 |&1:18|,5.06,4.45
"CNS(=O)(=O)OCC(=O)N1CCN(CC2=CC=CC(Cl)=C2)[C@H]2CS(=O)(=O)C[C@@H]21 |&1:21,27|",4.25,
C=C(CN(C(=O)[C@H]1CN(CC(=O)NC)C(=O)C2=CC=C(Cl)C=C21)C1=CN=CC2=CC=CC=C12)C(=O)NCC1=CC=C(OC)C=C1Cl |&1:6|,4.42,7.64
CN1C[C@H](C(=O)NC2=CN=CC3=CC=CC=C23)C2=CC(C#N)=CC=C2C1=O |o1:3|,4.15,4.92
COC1=CC=C2NC=C(CCNC(=O)C3=CN=CC4=CC=CC=C34)C2=C1,4.52,4.24
"COC[C@H]1CN(C2=CN=CC3=CC=CC=C23)C(=O)[C@@]12CN(CC1=CNN=C1)C(=O)C1=CC=C(Cl)C=C12 |a:3,18|",5.99,7.26
O=C(CN1CC2=CC=C(Cl)C=C2[C@H](C(=O)NC2=CN=CC3=CC=CC=C23)C1)NCCC1=CC=C(Cl)C(Cl)=C1 |&1:12|,5.77,7.15
CC1=CC=C(F)C(CN(C)C(=O)C2=CN=CC3=CC=CC=C23)=C1,4.21,
O=C(CC1=CN=CC2=CC=CC=C12)N1CCC2(CC1)COC2,,4.27
"CO[C@H]1[C@H]2C[C@H]3CN(C(=O)CC4=CN=CC5=CC=CC=C45)[C@H]1[C@H]3C2 |&1:2,&2:3,&3:5,&4:21,&5:22|",,4.23
O=C(NCC1=CNC2=CC=C(F)C=C12)C1=CN=CC2=CC=CC=C12,3.42,4.72
O=C(CC1=CN=CC2=CC=CC=C12)N1CCC[C@H]1C1=CN=C2C=CC=CC2=C1 |&1:17|,4.06,4.01
O=C(CC1=CN=CC2=CC=CC=C12)N1CCC[C@H](C2=CNC3=CC=CC=C23)C1 |&1:17|,,4.57
CN1C[C@H](C(=O)NC2=CN=CC3=CC=CC=C23)C2=CC(F)=CC=C2C1=O |o1:3|,5.42,6.34
O=C1N[C@]2(CCOC3=CC=C(C(F)F)C=C32)C(=O)N1C1=CN=CC2=CC=CC=C12 |&1:3|,4.76,5.44
C[C@H](C1=CC=C(F)C=C1)N(C)C(=O)C1=CN=CC2=CC=CC=C12,4.18,
CCS(=O)(=O)N1CC2(C1)C(=O)N(C1=CN=CC3=CC=CC=C13)C(=O)N2C,4.18,4.76
O=C(CN1CC2=CC=C(Cl)C=C2[C@H](C(=O)NC2=CN=CC3=CC=CC=C23)C1)NCCC1=CC=C(C(F)F)C=C1 |&1:12|,5.99,7.3
O=C(CC1=CN=CC2=CC=CC=C12)N1CCC2(C=CC3=CC=CC=C3O2)CC1,4.23,5.79
O=C(CC1=CN=CC2=CC=CC=C12)N1CC[C@H](COC2=CC=CC=C2)C1 |&1:16|,4.28,4.1
O=C(CC1=CN=CC2=CC=CC=C12)N1CCC2=C(C=CS2)[C@H]1C1=CC=CC=C1 |&1:21|,5.56,6.88
O=C(CC1=CN=CC2=CC=CC=C12)N1CCC(C2=CC=CC(F)=C2)CC1,4.31,4.71
"C[C@H]1CCN(C(=O)CC2=CN=CC3=CC=CC=C23)[C@@H](C)C1 |a:1,18|",5.2,5.49
CN(CCC1=CC=CC=C1Cl)C(=O)CC1=CN=CC2=CC=CC=C12,3.61,4.56
CNC(=O)C1=CC=C2C(=O)N(C)C[C@H](C(=O)NC3=CN=CC4=CC=CC=C34)C2=C1 |o1:13|,4.29,4.4
"O=C(CC1=CN=CC2=CC=CC=C12)N1C[C@H]2C=C[C@H]1CC2 |&1:15,&2:18|",,4.66
C=CC(=O)N1CCCC2=CC=C(N(CC3=CC=CC(C(F)(F)F)=C3)C(=O)CC3=CN=CC4=CC=CC=C34)C=C21,5.8,7.4
O=C(NCC1=CC=NN1C1=CC=CC=C1)C1=CN=CC2=CC=CC=C12,4.21,
"O=C(CC1=CN=CC2=CC=CC=C12)N1[C@H]2C=CC[C@@H]1CCC2 |o1:14,18|",4.83,5.45
"C[C@H]1COC[C@]2(C1)NC(=O)N(C1=CN=CC3=CC=CC=C13)C2=O |&1:1,5|",4.85,5.21
"CC[C@@H]1C[C@H](C)CCN1C(=O)CC1=CN=CC2=CC=CC=C12 |&1:2,4|",5.59,5.64
O=C(CC1=CN=CC2=CC=CC=C12)N1CC[C@H](S(=O)(=O)C(F)F)C1 |&1:16|,,4.63
NC(=O)C1=CC=C2OCC[C@]3(NC(=O)N(C4=CN=CC5=CC=CC=C45)C3=O)C2=C1 |&1:10|,4.34,4.85
CN(CCC1=CC=CC=C1)C(=O)CN1CC2=CC=C(Cl)C=C2[C@H](C(=O)NC2=CN=CC3=CC=CC=C23)C1 |&1:22|,5.04,6.01
C[C@H]1CCCN(C(=O)CC2=CN=CC3=CC=CC=C23)CC1 |o1:1|,5.13,5.55
"CC1=CC=CC=C1[C@H]1[C@H](O)CCN1C(=O)C1=CN=CC2=CC=CC=C12 |&1:7,&2:8|",3.7,
C[C@H]1CCCN(C(=O)CC2=CN=CC3=CC=CC=C23)CC1 |o1:1|,5.22,5.79
CC1=NN=C([C@H]2CCCCN2C(=O)CC2=CN=CC3=CC=CC=C23)O1 |&1:5|,,4.01
CN1CCN(C(=O)CCCNC(=O)C2=CN=CC3=CC=CC=C23)CC1,4.37,
O=C(CC1=CN=CC2=CC=CC=C12)N1CCCC[C@H](C2=CC=CC=C2)C1 |&1:18|,4.23,4.78
CN1C[C@]2(CCCN(C3=CN=CC4=CC=CC=C34)C2=O)C2=CC(Cl)=CC=C2C1=O |o1:3|,4.79,5.98
C=CC(=O)N1CCCC2=C1C=CC=C2N(CC1=CC=CC(C2=CC=CN2)=C1)C(=O)CC1=CN=CC2=CC=CC=C12,5.41,4.79
O=C(CC1=CN=CC2=CC=CC=C12)N1CC(CC2CCC2)C1,4.74,4.94
O=C(CC1=CC(Cl)=CC=C1F)NC1=CN=CC2=CC=CC=C12,4.81,5.97
"O=C(CC1=CN=CC2=CC=CC=C12)N1[C@H]2CC[C@H]1C1=NC=CC=C12 |&1:14,&2:17|",,4.65
CN1CCN(C2=CC=CC=C2NC(=O)CN2CC3=CC=C(Cl)C=C3[C@H](C(=O)NC3=CN=CC4=CC=CC=C34)C2)CC1 |&1:24|,4.99,5.78
O=C(NCCOC1=CC(Cl)=CC=N1)C1=CN=CC2=CC=CC=C12,3.65,4.8
O=C(CC1=CN=CC2=CC=CC=C12)N1CC2=CC=CC=C2C[C@H]1C1=CC=CC=C1 |&1:22|,4.79,5.49
"O=C(CC1=CN=CC2=CC=CC=C12)N1CCC[C@H]2CCC(F)(F)C[C@H]21 |&1:17,24|",4.42,4.46
CNC(=O)C[C@@H]1CCCN(C(=O)CC2=CN=CC3=CC=CC=C23)C1 |a:5|,4.25,
CN1C(CNC(=O)C2=CN=CC3=CC=CC=C23)=NC2=CC(F)=CC=C21,4.5,
"C[C@H]1CCN(C(=O)CC2=CN=CC3=CC=CC=C23)C[C@H]1O |&1:1,19|",4.93,
CC1=CC2=C(CCN(C(=O)CC3=CN=CC4=CC=CC=C34)C2)S1,3.98,5.38
C=C(CN1CCC2=C(C=C(Cl)C=C2)C1C(=O)NC1=CN=CC2=CC=CC=C12)C(N)=O,4.92,5.29
"CC(=O)N1C[C@@H]2C[C@H]1[C@H]1C(=O)N(C3=CN=CC4=CC=CC=C34)C(=O)N21 |a:5,7,o1:8|",4.12,
"O=C(CC1=CN=CC2=CC=CC=C12)N1C[C@@H]2[C@H](C1)[C@H]2C(F)F |a:15,16,18|",,4.96
"O=C(CC1=CN=CC2=CC=CC=C12)N1C[C@H]2CC[C@H]2[C@H]1C1=CC=CC=C1 |&1:15,18,19|",4.84,5.26
O=C(CC1=CN=CC2=CC=CC=C12)N1CC[C@H](C(=O)N2CCCCCC2)C1 |&1:16|,9,
CN1C[C@H](C(=O)NC2=CN=CC3=CC=CC=C23)C2=CC(C3CC3)=CC=C2C1=O |o1:3|,4.31,4.09
O=C(CC1=CN=CC2=CC=CC=C12)N1CCC2(CC1)C[C@H]2F |&1:20|,4.57,5.11
"O=C(CC1=CN=CC2=CC=CC=C12)N1CC[C@@]2(O)C[C@H]2C1 |&1:16,19|",4.61,
CNC(=O)[C@H]1CCCN(C(=O)CC2=CN=CC3=CC=CC=C23)C1 |a:4|,4.22,
C=CC(=O)NC1=CC=C(Cl)C(N(CC2=CC=CC(Cl)=C2)C(=O)CC2=CN=CC3=CC=CC=C23)=C1,5.03,5.3
C=C(CN(C(=O)[C@H]1CN(CC(=O)NC)CC2=CC=C(Cl)C=C21)C1=CN=CC2=CC=CC=C12)C(=O)NCC1=CC=C(Br)C=C1C,,6.84
COC1=CC=C(CNC2=CN=C([C@H](NC(=O)CCl)C3=CC=CC=C3)S2)C(OC)=C1 |&1:12|,4.11,4.33
C=C(CN(C(=O)[C@H]1CN(CC(=O)NC)CC2=CC=C(Cl)C=C21)C1=CN=CC2=CC=CC=C12)C(=O)N1CCCCC1 |&1:6|,4.34,4.99
C=CC(=O)NC1=C(N(CC2=CC=CC(Cl)=C2)C(=O)CC2=CN=CC3=CC=CC=C23)C=CC=C1,5.18,5.16
"CO[C@H]1CCN2C(=O)N(C3=CN=CC4=CC=CC=C34)C(=O)[C@H]2C1 |o1:2,21|",4.21,
CC1=CC=C(CC(=O)NC2=CN=CC3=CC=CC=C23)C(F)=C1F,5.06,
"CC#CC(=O)N1CCN(CC2=CC=CC(Cl)=C2)[C@H]2CS(=O)(=O)C[C@H]21 |&1:17,&2:23|",4.18,
O=C(CC1=CN=CC2=CC=CC=C12)N1CC[C@H](C2=CC=CC=C2)C1 |&1:16|,3.32,4.69
CN1CCN(C(=O)CC2=CN=CC3=CC=CC=C23)CC1,4.34,
O=C1C[C@H](CC2CC2)CN1C1=CN=CC2=CC=CC=C12 |&1:3|,3.58,
"O=C(CC1=CN=CC2=CC=CC=C12)N1CC[C@H]2CCC[C@H]21 |&1:16,20|",,4.21
CN1C[C@H](C(=O)NC2=CN=CC3=CC=CC=C23)C2=CC(C3CC3)=CC=C2C1=O |o1:3|,5.89,5.55
CC(C)CC1CCN(C(=O)CC2=CN=CC3=CC=CC=C23)CC1,4.46,5.31
"C[C@H]1CCN(C(=O)CC2=CN=CC3=CC=CC=C23)[C@@H](C2CCOCC2)C1 |o1:1,18|",4.26,5.15
CN(C1=CC=CC=C1)[C@H]1CCN(C(=O)CC2=CN=CC3=CC=CC=C23)C1 |&1:8|,4.25,4.51
O=C(CC1=CN=CC2=CC=CC=C12)N1CCC[C@H]1CC1=CC=CS1 |&1:17|,4.75,4.86
O=C(CC1=CN=CC2=CC=CC=C12)N1CCC2(CC1)COCCO2,,4.88
COC1=CC=CC=C1OC[C@H]1CCCN1C(=O)CC1=CN=CC2=CC=CC=C12 |a:10|,4.88,4.14
O=C(CC1=CN=CC2=CC=CC=C12)N1CCC[C@H]1CC1=CC=NC=C1 |&1:17|,3.95,
CC(C)(NC(=O)C1=CN=CC2=CC=CC=C12)C1=CC=CC(C#N)=C1,4.3,4.23
CC1(C(F)(F)F)CCN(C(=O)CC2=CN=CC3=CC=CC=C23)CC1,5.14,6.11
CNC(=O)CN1C[C@@]2(C(=O)N(C3=CN=CC4=CC=CC=C34)C[C@@H]2CS(=O)(=O)N(C)C)C2=CC(F)=CC=C2C1=O,4.07,6.83
O=C(CC1=CN=CC2=CC=CC=C12)N1CCC[C@H]1C1=CC=CC=C1 |&1:17|,4.24,4.99
O=C(CC1=CN=CC2=CC=CC=C12)N1CCC2(CCCO2)CC1,,4.95
C=C(CN(C(=O)[C@H]1CN(CC(=O)NC)CC2=CC=C(Cl)C=C21)C1=CN=CC2=CC=CC=C12)C(=O)NC1=NC=C(C(F)(F)F)C=C1,,6.53
O=C(CC1=CN=CC2=CC=CC=C12)N1CC[C@]2(CC=CCO2)C1 |&1:16|,,5.16
CC1=CC=C(F)C(CC(=O)NC2=CN=CC3=CC=CC=C23)=C1,5.36,5.29
CN1C[C@H](C(=O)NC2=CN=CC3=CC=CC=C23)C2=CC(CC#N)=CC=C2C1=O |o1:3|,4.31,4.02
CN1C(=O)N(C2=CN=CC3=CC=CC=C23)C(=O)[C@H]1CC1=CC=CC=C1,4.46,4.06
CCC(=O)NC1=CC=CC(N(CC2=CC=CC=C2)C(=O)CC2=CN=CC3=CC=CC=C23)=C1,5.77,4.55
"C[C@H](C(=O)N1CCC[C@H]2CCC(F)(F)C[C@@H]21)C1=CN=CC2=CC=CC=C12 |&1:1,&2:8,15|",4,
O=C(CC1=CN=CC2=CC=CC=C12)N1CCC2(CCOC2)CC1,,4.97
O=C(CC1=CN=CC2=CC=CC=C12)N1CCC[C@H](C2=CC=CC=C2)C1 |&1:17|,4.92,4.74
O=C1N[C@]2(C[C@H](C3=CC=CC=C3)C2)C(=O)N1C1=CN=CC2=CC=CC=C12,4.71,6.69
O=C(CC1=CN=CC2=CC=CC=C12)N1CC[C@H](C2=CC=C(O)C=C2)C1 |&1:16|,4.25,4.55
C=CC(=O)NC(C(=O)NC1=CN=CC2=CC=CC=C12)C1=CC(Cl)=C(Cl)C=C1,5.16,5.5
CNCCN1C[C@H](C(=O)NC2=CN=CC3=CC=CC=C23)C2=CC(Cl)=CC=C2C1=O |&1:6|,5.48,6.96
CCCN(CCC1=CC=CS1)C(=O)CC1=CN=CC2=CC=CC=C12,4.75,4.68
O=C(CC1=CN=CC2=CC=CC=C12)N1CCC(C2CCCC2)CC1,4.89,5.35
C[C@H]1CN(C(=O)CC2=CN=CC3=CC=CC=C23)CC2=C1SC=C2 |o1:1|,4.6,5.92
NS(=O)(=O)C1=CC=C2OCC[C@]3(NC(=O)N(C4=CN=CC5=CC=CC=C45)C3=O)C2=C1 |&1:11|,4.28,4.65
O=C(CC1=CN=CC2=CC=CC=C12)N1CCC(CF)CC1,5.16,5.63
O=C(CC1=CN=CC2=CC=CC=C12)N1CC[C@H]1CC1=CC=CC=C1 |&1:16|,4.5,4.74
"O=C1N[C@@]2(CC[C@H](C3=CC=CC=C3)OC2)C(=O)N1C1=CN=CC2=CC=CC=C12 |&1:3,6|",4.34,5.2
"C[C@H]1CCC[C@@H](CNC(=O)C(F)(F)F)N1C(=O)CC1=CN=CC2=CC=CC=C12 |&1:1,5|",,4.42
"O=C(CC1=CN=CC2=CC=CC=C12)N1C[C@H]2CC[C@H]2[C@H]1C1=CC=CC=C1 |o1:15,18,19|",5.02,5.44
"C#CC(=O)N1CCN(CC2=CC=CC(Cl)=C2)[C@H]2CS(=O)(=O)C[C@H]21 |&1:16,&2:22|",4.6,5.32
CN1C[C@H](C(=O)NC2=CN=CC3=CC=CC=C23)C2=CC(CO)=CC=C2C1=O |o1:3|,3.83,4.34
O=C(CC1=CN=CC2=CC=CC=C12)N1CCCN2C3=CC=CC=C3C[C@H]2C1 |&1:25|,4.44,4.84
O=C(CC1=CN=CC2=CC=CC=C12)N1CC[C@H](C2=CC=CC(F)=C2)C1 |o1:16|,4.06,5.28
"O=C1NC[C@H]2CN(C(=O)CC3=CN=CC4=CC=CC=C34)CC[C@@H]12 |&1:4,22|",,4.06
CC(C)[C@H]1C2=C(CCN1C(=O)CC1=CN=CC3=CC=CC=C13)SC=C2 |o1:3|,4.6,5.49
"C[C@H]1CN(C2=CN=CC3=CC=CC=C23)C(=O)[C@@]12CN(CC1=NC=CC=N1)C(=O)C1=CC=C(F)C=C12 |a:1,16|",5.44,6.25
CN1CC2(CCN(C(=O)CC3=CN=CC4=CC=CC=C34)CC2)C2=CC=CC=C21,4.27,4.54
"C[C@H](CO)C[C@H]1CN(C(=O)CCl)CCN1CC1=CC=CC(Cl)=C1 |&1:1,&2:5|",4.23,6.32
"O=C(CC1=CN=CC2=CC=CC=C12)N1C[C@H]2C[C@H]2C1 |&1:15,&2:17|",4.23,4.19
CCN1C=CC(CN(C(=O)CC2=CN=CC3=CC=CC=C23)C2=CC=C(C(C)C)C=C2)=N1,4.43,5.38
O=C(CC1=CN=CC2=CC=CC=C12)N1CCC(C2=NC=CS2)CC1,4.23,4.44
CCOC1=CC=CC(CNC(=O)CN2CC3=CC=C(Cl)C=C3[C@H](C(=O)NC3=CN=CC4=CC=CC=C34)C2)=C1 |&1:22|,6.04,7.05
O=C(NCC(=O)N1CCCC2=CC=CC=C21)C1=CN=CC2=CC=CC=C12,4.24,
O=C(CC1=CC(F)=CC(F)=C1)NC1=CN=CC2=CC=CC=C12,4.88,6.19
CO[C@H](C)C1CCN(C(=O)CC2=CN=CC3=CC=CC=C23)CC1 |&1:2|,4.12,5.34
O=C(CN1CC2=CC=C(Cl)C=C2[C@H](C(=O)NC2=CN=CC3=CC=CC=C23)C1)NCCC1=CC=CC(Cl)=C1 |&1:12|,5.22,7.21
COCCC1CCN(C(=O)CC2=CN=CC3=CC=CC=C23)CC1,,5
O=C(CC1=CN=CC2=CC=CC=C12)N1CC[C@](F)(C2=CC=CC(C(F)(F)F)=C2)C1 |&1:16|,4.36,4.38
C=C(CN(C(=O)[C@H]1CCOC2=CC=C(Cl)C=C21)C1=CN=CC2=CC=CC=C12)C(=O)N(C)C1=CC=CC=C1 |&1:6|,3.94,5.55
O=C(CC1=C(Cl)C(Cl)=CC=C1)NC1=CN=CC2=CC=CC=C12,5.03,
C[C@H](NC(=O)COS(N)(=O)=O)C1=CC(Cl)=CC(C2=CC=C(S(N)(=O)=O)C=C2)=C1 |&1:1|,4.26,5.75
"CNC(=O)CN1C[C@]2(C(=O)N(C3=CN=CC4=CC=CC=C34)C[C@H]2CC2=CC=CC=C2)C2=CC(Cl)=CC=C2C1=O |o1:7,22|",4.75,5.81
CC1=CC=C2NC=C(CCNC(=O)C3=CN=CC4=CC=CC=C34)C2=N1,4.25,
CN1C=C([C@H]2CN(C(=O)CC3=CN=CC4=CC=CC=C34)CC2(C)C)C=N1 |&1:4|,,4.34
O=C(N[C@H]1C2=CC=CC=C2C[C@@H]1O)C1=CN=CC2=CC=CC=C12,4.35,
O=C(NCC1=CSC2=CC=C(Cl)C=C12)C1=CN=CC2=CC=CC=C12,4.12,
"O=C(CC1=CN=CC2=CC=CC=C12)N1CC[C@H]2CCC[C@H]1C2 |&1:16,&2:20|",5.06,4.97
O=C(CC1=CN=CC2=CC=CC=C12)N1CCC[C@H](CC2CC2)C1 |&1:17|,4.03,4.82
CC(C)(C#N)C1=CC=C(N(CC2=CC=CC(Cl)=C2)C(=O)CC2=CN=CC3=CC=CC=C23)C=C1,5.21,6.2
CNC(=O)CN1C[C@]2(C(=O)N(C3=CN=CC4=CC=CC=C34)CC2(C)C)C2=C(C=CC(Cl)=C2)C1=O |o1:7|,4.26,
O=C1N[C@@H](CC2=CC=CC=C2)C(=O)N1C1=CN=CC2=CC=CC=C12,4.36,4.4
O=C(CC1=CN=CC2=CC=CC=C12)N1CCC[C@H](N2C=CC=N2)C1 |&1:17|,4.35,4.2
CN(CC(=O)NC(C1=CC=CC=C1)C1=CC=CC=C1)C(=O)C1=CC=CN=C1,4.3,
O=C(CC1=CN=CC2=CC=CC=C12)N1CCN(C2=CC=CN=C2)CC1,,4.04
"O=C(CC1=CN=CC2=CC=CC=C12)N1CCC[C@H](C[C@H]2CCOC2)C1 |&1:17,&2:19|",4.33,4.33
C[C@@H](C(=O)N(C)CC1=CC=CC(Cl)=C1F)C1=CN=CC2=CC=CC=C12,3.88,
O=C(CC1=CN=CC2=CC=CC=C12)N1CCC[C@H](C2=NC=CO2)C1 |&1:17|,4.3,4.12
CC(C)(C)N(CC1=CC=CC=C1)C(=O)CN1CC2=CC=C(Cl)C=C2[C@H](C(=O)NC2=CN=CC3=CC=CC=C23)C1 |&1:24|,4.99,6
O=C(NC1=CN=CC2=CC=CC=C12)C(F)(F)C1=CC(F)=CC(F)=C1,4.16,5.53
C[C@H](NC(=O)C1=CN=CC2=CC=CC=C12)C1=NC2=CC=CC=C2N1C |&1:1|,3.84,4.06
"C[C@H]1CCN(C(=O)CC2=CN=CC3=CC=CC=C23)[C@H]2C(=O)NC[C@H]12 |&1:1,&2:18,&3:23|",,5.28
O=C(CC1=CN=CC2=CC=CC=C12)N1CC[C@]2(CCCC3=CC=CC=C32)C1 |o1:16|,3.55,5.35
O=C(CC1=CN=CC2=CC=CC=C12)N1CCC(C2=CC=NO2)CC1,,4.87
O=C(C1=CN=CC2=CC=CC=C12)N1CC[C@H]1C1=CC=CC(F)=C1 |&1:15|,4.29,
O=C(CC1=C(F)C=C(F)C(F)=C1)NC1=CN=CC2=CC=CC=C12,5.35,5.69
O=C(CC1=CN=CC2=CC=CC=C12)N1CCCN(CC2=CC=CC=C2)CC1,4.26,
"CCC1=CC=C([C@H]2C[C@H](C)CCN2C(=O)CC2=CN=CC3=CC=CC=C23)O1 |o1:6,8|",5.22,5.93
CNC(=O)CN1C[C@@]2(C(=O)N(C3=CN=CC4=CC=CC=C34)C[C@@H]2C)C2=C(F)C=CC=C2C1=O,4.27,4.38
"CC1=CC=CC=C1[C@H]1C[C@H](C)N(C(=O)CC2=CN=CC3=CC=CC=C23)C1 |&1:7,&2:9|",,4.86
CCC1(C)CCN(C(=O)CC2=CN=CC3=CC=CC=C23)CC1,5.3,6.13
"CO[C@H]1CC[C@H]2C(=O)N(C3=CN=CC4=CC=CC=C34)C(=O)N2C1 |o1:2,5|",4.29,
O=C(CC1=CN=CC2=CC=CC=C12)N(CC1=CC=CC=C1)CC1=CC=C(F)C=C1,5.02,5
C=CC[C@H](NC1=CC(Cl)=CC(NC(=O)OCC2=CC=CC=C2)=C1)C1=CC=CC(CN)=C1 |&1:3|,4.43,4.43
C#CC1=CC=C2C(=O)N(C)C[C@H](C(=O)NC3=CN=CC4=CC=CC=C34)C2=C1 |o1:11|,4.33,4.19
CNC(=O)C1(N2C[C@]3(CCN(C4=CN=CC5=CC=CC=C45)C3=O)C3=CC(Cl)=CC=C3C2=O)CC1 |a:7|,5.78,7.54
CC(C)[C@]1(C#N)CCN(C(=O)CC2=CN=CC3=CC=CC=C23)C1 |o1:3|,4.46,5.1
O=C(CC1=CN=CC2=CC=CC=C12)N1CCC(CN2CCCC2=O)CC1,,4.46
C[C@H]1CN(C2=CN=CC3=CC=CC=C23)C(=O)[C@@]12CN1CC(=O)NN=C1C1=CC=C(Cl)C=C12,5.64,6.35
C[C@H]1CN(C2=CN=CC3=CC=CC=C23)C(=O)[C@@]12CN(CC(=O)NCC1CC1)C(=O)C1=CC=C(Cl)C=C12,6.16,7.23
"C=C(C(=O)O)[C@H]1C[C@]2(CN(CC(=O)OC(C)(C)C)C(=O)C3=CC=C(Cl)C=C32)C(=O)N1C1=CN=CC2=CC=CC=C12 |&1:5,&2:7|",3.56,5.53
CNC(=O)C1(N2C[C@@]3(C(=O)N(C4=CN=CC5=CC=CC=C45)C[C@@H]3C)C3=CC(Cl)=CC=C3C2=O)CC1,6.44,8.04
C[C@H]1CN(C(=O)CC2=CN=CC3=CC=CC=C23)CC2=C1SC=C2 |&1:1|,4.48,5.7
CNC(=O)CN(CC1=CC=CC(Cl)=C1)C(=O)CC1=CN=CC2=CC=CC=C12,4.64,5.36
CCOC1=CC=C(CNC(=O)CN2CC3=CC=C(Cl)C=C3[C@H](C(=O)NC3=CN=CC4=CC=CC=C34)C2)C=C1 |&1:21|,5.68,6.9
O=C(C[C@H]1CCCC(F)(F)C1)NC1=CN=CC2=CC=CC=C12 |&1:3|,4.74,5.23
CN(C)C1=CC=C(N(CC2=CC=CC(Cl)=C2)C(=O)CC2=CN=CC3=CC=CC=C23)N=C1,5.36,6.5
O=C(CC1=CN=CC2=CC=CC=C12)N(CC1=CC=C2NC=CC2=C1)CC1=CC=CS1,5.24,4.97
CO[C@@H](C)CN1C[C@H](C(=O)NC2=CN=CC3=CC=CC=C23)C2=CC(Cl)=CC=C2C1=O |o1:7|,,4.33
COC[C@H]1C2=C(CCN1C(=O)CC1=CN=CC3=CC=CC=C13)SC=C2 |&1:3|,5.23,6.3
CNC(=O)CN1C[C@]2(C(=O)N(C3=CN=CC4=CC=CC=C34)C[C@@H]2CC2=CC=CC=C2)C2=CC(Cl)=CC=C2C1=O,4.09,5.2
O=C(CC1=CN=CC2=CC=CC=C12)N1CCC[C@H](N2C=NC=N2)C1 |&1:17|,4.28,
COCC1(F)CCN(C(=O)CC2=CN=CC3=CC=CC=C23)CC1,,4.63
"CNC(=O)CN1C[C@@]2(C[C@H](CO)N(C3=CN=CC4=CC=CC=C34)C2=O)C2=CC(Cl)=CC=C2C1=O |&1:7,9|",4.73,6.31
"CN(C(=O)C1=CN=CC2=CC=CC=C12)[C@H]1CC2=CC=CC=C2[C@H]1O |&1:14,22|",4.21,
"C[C@H]1C[C@H](C)N(C(=O)CC2=CN=CC3=CC=CC=C23)C1 |&1:1,&2:3|",4.26,4.38
O=C1N[C@]2(C[C@@H](C3=C(Cl)C=CC=C3)C2)C(=O)N1C1=CN=CC2=CC=CC=C12,6.5,7.84
CC1=CC(NC(=O)NC2=CN(CC(C)C)C(=O)C3=CC=CC=C23)=NO1,5.03,5.2
"C[C@H]1COC[C@H](C)N1CCN1C[C@@]2(C(=O)N(C3=CN=CC4=CC=CC=C34)C[C@@H]2C)C2=CC(Cl)=CC=C2C1=O |a:1,5,12,27|",6.58,8.02
O=C(CC1=CN=CC2=CC=CC=C12)N1CCN(CC2=CC=CC=C2)C[C@H]1C1CC1 |&1:25|,4.32,4.51
CNC(=O)[C@H](C)N1C[C@H](C(=O)NC2=CN=CC3=CC=CC=C23)C2=CC(Cl)=CC=C2C1=O |o1:8|,5.68,7.11
O=C(CC1=CN=CC2=CC=CC=C12)N1CC[C@H](OC(F)(F)F)C1 |o1:16|,4.5,5.18
C[C@H]1CN(C2=CN=CC3=CC=CC=C23)C(=O)[C@@]12CN(CC(=O)NC1CCC1)C(=O)C1=CC=C(F)C=C12,5.6,6.76
C[C@]1(C2=CC=C(F)C=C2)CCN(C(=O)CC2=CN=CC3=CC=CC=C23)C1 |&1:1|,4.6,4.84
CC(C)C[C@H]1CN(C(=O)COS(=O)(=O)N2CCNCC2)CCN1CC1=CC=CC(Cl)=C1 |&1:4|,4.25,6.92
O=C(CC1=CN=CC2=CC=CC=C12)N1CCC(C2=CC=CS2)CC1,4.49,4.86
CNC(=O)[C@@H](C)N1C[C@H](C(=O)NC2=CN=CC3=CC=CC=C23)C2=CC(Cl)=CC=C2C1=O |o1:8|,5.96,7.43
"O=C(CN1CC2=CC=C(Cl)C=C2[C@H](C(=O)NC2=CN=CC3=CC=CC=C23)C1)NCCCCCOC1=CC=CC2=C1C(=O)N([C@H]1CCC(=O)NC1=O)C2=O |&1:12,&2:43|",5.89,7.23
CN1C(=O)N(C2=CN=CC3=CC=CC=C23)C(=O)C12CN(CC1=CC=CC=C1)C2,4.84,5.4
O=C(CN1CC2=CC=C(Cl)C=C2[C@H](C(=O)NC2=CN=CC3=CC=CC=C23)C1)NCCC1=CC=C(C(F)(F)F)C=C1 |&1:12|,5.8,7.15
O=C(CC1=CN=CC2=CC=CC=C12)N1CCC[C@H](C2=CC=NC=C2)CC1 |&1:17|,4.25,
"O=C(CC1=CN=CC2=CC=CC=C12)N1CCC[C@]2(C1)OC[C@H]1C[C@H]12 |&1:17,&2:21,23|",,4.02
O=C(NCCN1C(=O)CC2=CC=CC=C21)C1=CN=CC2=CC=CC=C12,4.21,
CC1=NC=C(C2=CC=CC(Cl)=C2)C(=O)N1C1=CN=CC2=CC=CC=C12,4.91,4.8
O=C(C1=CC=CS1)C1CCN(C(=O)CC2=CN=CC3=CC=CC=C23)CC1,,4.78
O=C(CCl)N[C@H](C1=CC=CC(Cl)=C1)C1=NC=CS1 |&1:5|,4.25,
"C[C@H]1CC[C@H](C2=CC=CC=C2)N(C(=O)CC2=CN=CC3=CC=CC=C23)C1 |&1:1,&2:4|",4.82,5.02
"CCN1CCC[C@H]1[C@H]1CCCN1C(=O)CC1=CN=CC2=CC=CC=C12 |&1:6,&2:7|",4.28,
NC(=O)O[C@H]1CCCN(C(=O)CC2=CN=CC3=CC=CC=C23)C1 |a:4|,4.26,
CC(F)(F)[C@H](C(=O)NC1=CN=CC2=CC=CC=C12)C1=CC=CC=C1 |&1:4|,3.95,4.91
O=C(CC1=CN=CC2=CC=CC=C12)N1CCCSC[C@H]1C(F)(F)F |&1:19|,4.04,4.36
"O=C(CN1CC2=CC=C(Cl)C=C2[C@H](C(=O)NC2=CN=CC3=CC=CC=C23)C1)NCCOCCOCCOC1=CC=CC2=C1C(=O)N([C@H]1CCC(=O)NC1=O)C2=O |&1:12,&2:46|",4.94,5.9
CC1=CC(F)=CC=C1C(F)(F)C(=O)NC1=CN=CC2=CC=CC=C12,2.43,4.56
CC(C)C[C@H]1CN(C(=O)COS(=O)(=O)N(C)C)CCN1CC1=CC=CC(Cl)=C1 |&1:4|,4.02,5.99
"O=C(CC1=CN=CC2=CC=CC=C12)N1C[C@H](C2=CC=CC=C2)[C@H]2CCC[C@H]21 |&1:15,&2:22,&3:26|",,5.2
O=C(CC1=CN=CC2=CC=CC=C12)NC1=CC=CC=C1,4.29,4
CC(C)[C@]1(C#N)CCN(C(=O)CC2=CN=CC3=CC=CC=C23)C1 |&1:3|,4.75,5.9
O=C(CC1=CN=CC2=CC=CC=C12)N1CCC2(CCCC2)CC1,4.67,5.79
"O=C1C2=CC=C(Cl)C=C2[C@@]2(CN1CCNCC(F)(F)F)C(=O)N(C1=CN=CC3=CC=CC=C13)C[C@@H]2CNC1=NC=CC=N1 |a:9,34|",5.94,6.91
O=C(CC1=CN=CC2=CC=CC=C12)N1CCC[C@H]1C1=C(F)C=CC(Cl)=C1F |&1:17|,3.87,5.38
O=C(CC1=CN=CC2=CC=CC=C12)N1CCC[C@H](C(F)(F)F)C1 |a:17|,4.62,5.43
CN1C[C@H](C(=O)NC2=CN=CC3=CC=CC=C23)C2=CC(C(F)(F)F)=CC=C2C1=O |o1:3|,4.95,5.44
CN1C(CNC(=O)C2=CN=CC3=CC=CC=C23)=NC2=CC=CC=C21,3.58,4.07
"C=C(C(=O)OC)[C@H]1C[C@]2(CN(CC(=O)OC(C)(C)C)C(=O)C3=CC=C(Cl)C=C32)C(=O)N1C1=CN=CC2=CC=CC=C12 |&1:6,&2:8|",4.24,6.17
O=C(CC1=CN=CC2=CC=CC=C12)N1CCCC[C@H]1C1=NOC=N1 |&1:18|,,4.37
O=C(NC1=CN=CC2=CC=CC=C12)C(F)(F)C1=CC=C(F)C(F)=C1,3.88,5.16
CN1N=CC=C1[C@H]1CCCN1C(=O)CC1=CN=CC2=CC=CC=C12 |&1:6|,,4.26
COC1=CC=C(C)C=C1CC(=O)NC1=CN=CC2=CC=CC=C12,4.38,5.25
CNC(=O)CN1C[C@]2(C(=O)N(C3=CN=CC4=CC=CC=C34)C3=CC=CC=C32)C2=CC(F)=CC=C2C1=O |o1:7|,4.46,4.55
CNS(=O)(=O)[C@H]1CCCN(C(=O)CC2=CN=CC3=CC=CC=C23)C1 |&1:5|,,4.25
N=C(N)NCCC1=CC=C(OC(=O)NC2=CC=CC=C2)C=C1,4.27,4.8
"CO[C@H]1CC[C@H]2C(=O)N(C3=CN=CC4=CC=CC=C34)C(=O)N2C1 |o1:2,5|",4.22,
O=C(C1=CN=CC2=CC=CC=C12)N1CC[C@H]1C1=CC=CC=C1,4.33,
O=C(CC1=CN=CC2=CC=CC=C12)N1CCC2(CC1)CCC(F)(F)C2,3.88,5.43
O=C(NCCC1=CNC2=CC=C(F)C=C12)C1=CN=CC2=CC=CC=C12,3.82,4.82
CS(=O)(=O)CC[C@H]1CCCCN1C(=O)CC1=CN=CC2=CC=CC=C12 |&1:6|,,4.06
C[C@@H](O)C1CCN(C(=O)CC2=CN=CC3=CC=CC=C23)CC1 |a:1|,4.35,4.32
N#CC1CC2(CCN(C(=O)CC3=CN=CC4=CC=CC=C34)C2)C1,,4.06
"CNC(=O)CN1C[C@@]2(C(=O)N(C3=CN=CC4=CC=CC=C34)C[C@@H]2CNC2=CC=NN2)C2=CC(Cl)=CC=C2C1=O |a:7,22|",6.3,8.1
"O=C(CC1=CN=CC2=CC=CC=C12)N1C[C@H]2CCCS(=O)(=O)[C@H]2C1 |&1:15,22|",,4.04
O=C(NCC1=CC(=O)NC2=CC=CC=C12)C1=CN=CC2=CC=CC=C12,4.15,
COC1=CC=C(C(=O)NC2=CC=CC(/C=C3/C(=O)NC(=O)C4=CC=CC=C34)=C2)C=C1,,5.04
"CC1=NN=C(NC[C@H]2CN(C3=CN=CC4=CC=CC=C34)C(=O)[C@@]23CN(CC2=NNC=C2)C(=O)C2=CC=C(Cl)C=C23)S1 |a:7,22|",7.34,7.62
"CNC(=O)CN1C[C@@]2(C(=O)N(C3=CN=CC4=CC=CC=C34)C[C@@H]2COC(C)C)C2=CC(Cl)=CC=C2C1=O |a:7,22|",5.55,6.94
CC1(O)CCN(C(=O)CC2=CN=CC3=CC=CC=C23)CC1,4.38,4.62
CCOC[C@]1(C)C(=O)N(C2=CN=CC3=CC=CC=C23)C(=O)N1C |&1:4|,8.16,
"CO[C@@H]1CN(C(=O)CC2=CN=CC3=CC=CC=C23)CC[C@H]1C |&1:2,20|",4.45,5.07
O=C(CC1=CN=CC2=CC=CC=C12)N1CCC[C@H]1C1=CC=CC=N1 |&1:17|,4.82,4.24
